site,n_obs,std,ra_low,ra_med,ra_high,ra_std,dec_low,dec_med,dec_high,dec_std
T05,1665214,0.4058392199163793,-3.49463092347861,-0.006834603539118689,3.4825595556961026,0.41901370101294333,-1.2187271359587277,-0.04364478182701248,1.2213762528769405,0.1896144840400241
T08,1494651,0.45338951583450954,-3.6808981580584543,-0.012516916603999562,3.644721418598351,0.46211944911940006,-1.3076651022718266,-0.03633889942875612,1.3538268357395467,0.20495183522439667
703,1019242,0.2788644871681029,-2.295528396086652,0.05220579122919844,1.7817195698098895,0.294218159237945,-1.1339660835641352,-0.0539661530625013,0.9822646507693374,0.20627589898300006
704,959743,0.38524934655724563,-1.4135175279272971,-0.1466579332600304,1.0578536324135255,0.5260489104963062,-1.412309387391364,-0.37737222885141364,0.7901845450524191,0.4245106168140752
W68,781590,0.463435741551322,-3.3389585907465857,-0.021688595188606996,3.031786572266954,0.5371028707349091,-1.2749478502733422,-0.047980878051490095,1.1323289125188842,0.23127663669655868
M22,573734,0.4683626385846454,-3.5762084426772844,-0.014477171180260484,3.9057392694388677,0.5224817934589804,-1.489393968840833,-0.04662632797618471,1.4045851670854277,0.23377139212042697
G96,503705,0.1521046352514201,-1.7732435008815628,0.010959815915612126,1.1575597789897056,0.17880987564820428,-0.49821849904404303,-0.02316647382087922,0.5979112147382182,0.10785377015757916
I41,481835,0.7193445831467234,-17.559536390946704,0.014128471525509667,14.524467342239953,0.7121306604248221,-4.887636817795098,-0.006448418452009719,5.99808679194029,0.2441786676089724
F51,371865,0.07847060516435816,-0.3115876114998173,-0.006598016034331522,0.28418523949312485,0.07212355893560243,-0.36424970871976825,-0.054785318739192235,0.13208794460126672,0.06369319495139862
D29,350552,0.13349620564173018,-0.9613738095255543,0.05204668133274026,0.6849838099055461,0.1478533590073266,-0.6147590135979186,-0.020567614350852637,0.5608849814812877,0.14233632391840004
689,346683,0.12178841055710392,-0.626595683407345,-0.0012579822623592918,0.4351923387385888,0.13629648286895588,-0.4834122770797222,0.021795232729004965,0.537635480999903,0.13337485130395954
P07,217573,0.12985968713310045,-0.39772400247841233,0.01677908541068973,3.9108941433117788,0.18797125837031445,-0.5044561672100301,-0.09697425820434091,0.31684176273678577,0.15176171821479775
C57,211305,28.245011549562356,-244.4367118875266,0.43694103198959056,452.514306269822,21.35335889824735,-150.15813372840086,-0.08822675083308695,92.04814325337394,6.144269658925983
G45,209998,0.12098107264702422,-0.4202692116723483,-0.022777769002146897,0.42186873125856944,0.16569071562496673,-0.4880712699183527,-0.13796139425350518,0.18937997835441975,0.11749058111719428
699,185436,0.29318399277115503,-1.0274440092445047,-0.060469506445315346,0.9541620918270155,0.3878487306620833,-1.0810081749428602,-0.29396018285154923,0.36558523684123156,0.2754278491182312
F52,176929,0.042969416115429655,-0.4637169239367723,0.0033401728614990134,0.38704867471551546,0.05792034597417114,-0.4415233041896727,-0.03800418383193005,0.24255551118727603,0.04077364261254402
R17,170272,0.8938049545800072,-5.914717020154825,-0.045856845054004225,5.72619780845372,0.9398797542414655,-2.4157587695948686,-0.05483408193027728,2.3037203283949124,0.3433092921535776
C51,168395,0.2735807904016894,-121.05232231704063,-0.041948827310989145,0.8038878206562569,0.43649876017471,-23.812511960765903,-0.03959252635823418,13.836779863483365,0.2768787186188551
691,144439,0.20099177706198293,-0.7042909495338812,0.15011299702791803,0.8012432242411189,0.28203989693077347,-0.7645987056682912,-0.20234083309347284,0.48078547142640726,0.16025981196617678
644,98221,0.25612863688214327,-0.8575652523461486,0.028761684848177538,0.7733116585995958,0.3098823841852163,-1.2283021803296101,-0.24497519580251037,0.4585580259771793,0.2286374425857985
E12,91052,0.16298475739600515,-0.463206776718863,0.06052089348713707,0.5619991695919415,0.1931642922622268,-0.6992062981100577,-0.11655530447356455,0.3128781181806949,0.17705421016383197
Z22,87142,0.26467841023428895,-0.9733813219665421,0.04465470536700877,1.0285651788362316,0.33625135604582823,-0.956674125798731,-0.03760828430436902,0.9259184311123465,0.3047750731325943
608,70848,0.5488199784761802,-1.7615998716305548,-0.11627324419123397,1.3290387459101531,0.709710553447818,-2.096910770608673,-0.22563233966890195,1.0378485993184037,0.7770784815225248
O18,64548,0.04810855685246784,-0.19587210318718462,-0.002872074315973805,0.15559966559827387,0.07104909007450289,-0.12906169760814823,0.00012198855338374504,0.13471489012989216,0.05492544086119318
095,48374,1.503218247814736,-5.217210227600253,-0.08931115273256296,4.752426221770629,1.9461263850608799,-5.204228817383161,0.020110539320228327,5.3923141210190755,1.790230047463249
C41,38975,0.3096534396331368,-1.2341831853052554,0.00028681599815172376,1.1967188514287848,0.41040130366536914,-1.0159311136310123,-0.1048377515983745,0.766110812316188,0.2884835391226575
N86,38888,0.3248500874630728,-1.2457013297147057,0.038179555293282874,1.1918309104737528,0.4021619726050501,-1.055067172246762,-0.0876841065020173,0.8157476603014134,0.31442815105513133
675,38823,0.7121491438146986,-2.414683387800096,0.0034491982773943164,2.586006461098691,0.7570076734529783,-1.7411229057311672,0.3327347589646479,2.7512684825112936,0.9796894878940234
K95,37725,0.23950732565908722,-0.9789199877843657,-0.06372134569119225,0.8471485267443772,0.3126419206066157,-0.8171447524664899,-0.03935038220390652,0.8427120884172725,0.2553233229934699
Y00,35541,0.2656689194365135,-0.8293588560491116,0.08238254612251694,1.2896008503503253,0.2961627396636345,-0.8263655321627539,0.009162453758904121,0.9228155508928637,0.23796243164649297
J43,35016,0.1569341467095315,-0.969485385366653,0.004712525499428466,0.8066696012197561,0.20758334660087227,-1.09267684059553,-0.12202876043723165,0.4140068771103955,0.15219105920529521
J75,34614,0.12971279620873163,-0.4915206686257534,0.02622948134529679,0.5375710702207922,0.17011531330817034,-0.4715617964374985,-0.00031451185016351246,0.5020730478341117,0.15032521619494346
H15,30791,0.16423225406527747,-0.6156955344408743,0.018482260509244952,0.6236344077692024,0.20909419922732922,-0.5667428352662096,-0.01914557202056244,0.43608470810418964,0.15730156196058898
809,28008,0.8210322355214312,-3.1715428098678444,-0.07782464132333189,2.3771042738610504,1.0457639894196202,-3.005457606745159,0.03812682470378803,2.464048887570473,0.8726033512202931
327,27521,1.3957222786810988,-8.248808265486218,-0.06572689334234383,7.926460005478475,1.545089891240176,-2.543171099861752,0.020816952993385485,4.3252097884349805,0.5835959475819628
W92,23084,0.4716155255275129,-4.015775093408816,0.15812350927504326,1.814750710085348,0.6466047136664217,-1.8121260148472373,-0.1744494582901268,1.4471443639924872,0.47977522316706633
683,19742,0.5085142663481772,-1.8955629911417304,0.0011358269077277328,1.378704996484143,0.5050081233682567,-1.671498696381486,-0.21638174030558233,1.4610167723984264,0.7103348585457557
950,18230,0.19080854309199574,-0.6817988248253926,-0.10065048447813751,0.570141216455384,0.27766867977315685,-0.5049333947667023,0.03081667876401184,0.5550670324958324,0.21289793064254534
801,16901,0.5635331278956016,-2.7515727144447055,-0.06634949296540071,2.1675943380877527,0.6428900345173565,-2.0726651645266436,0.04295337524382603,1.6805022548215476,0.6070534940683796
C94,16792,0.33675355907951804,-2.634072445765696,-0.03981315316465839,1.1565667539489515,0.37861835235227886,-1.845187373886823,-0.12630301800271582,1.3442408759214621,0.3177672608553611
106,16587,0.12494395631745224,-0.5783678598703546,0.0009662297969725842,0.514590702291571,0.14128588924019653,-0.6398340111132406,-0.0050590495504820865,0.41231024414795375,0.13132218698276596
673,15748,0.04465886265411251,-0.17583510596097085,0.004171101710426228,0.23631286328082976,0.06043811861680239,-0.14711780974812072,-0.003693635710888543,0.12575820036355262,0.04390644241575973
688,14429,1.1285818623345523,-3.384683960108816,-0.7095958462741692,1.8921993988851618,1.005584388877837,-1.6933153538059285,1.2754736540687261,3.8469446852641886,1.392408769870491
V00,14333,0.07884686803722456,-1.137535097224145,-0.01580923366617526,0.9152042343890785,0.0771167899458473,-0.4109566558770439,-0.02002504690068463,0.5571509548355632,0.055244231903908196
046,12200,1.4200504352757928,-4.479440623893538,0.04278287921692936,4.67182956699588,1.224504232265175,-1.9995286769460474,0.5338713696102615,3.879061839507825,1.2463740355405348
K19,10737,0.17197265270993317,-0.6284533739130892,-0.03403101984531531,0.7528742709837394,0.2268697059869214,-0.5708759472568659,-0.1152787705230196,0.3737433176357286,0.18349597427941772
W94,10259,0.09410377101636788,-0.534009503537618,-0.04714370375040744,0.2871010245273453,0.1290239802411429,-0.3132348765947057,-0.015556838921071403,0.32330745726786275,0.09598261840878883
333,10216,0.25440786572387897,-1.6351524688374752,-0.15006641593373615,0.921874765644759,0.3399178350708669,-1.0457462905262283,-0.12840735502095413,0.6468970581276157,0.2733283491865821
926,10181,0.1642162339137745,-0.5817039815212866,-0.023876742375250615,0.463314199025433,0.2460764586917594,-0.6055948294100943,-0.14771679752669797,0.2732722275986532,0.1844520981541575
413,9451,0.6326471428805157,-2.838468093094093,0.04532476875738212,2.4407015101587604,0.8199015075226327,-1.4984767190482335,0.14864528934452892,2.0367423706069863,0.663702491451546
M01,9263,0.7878177405894582,-19.81799337625958,0.0003154038950015092,77.31339915056789,0.6658065046028491,-11.044288885128228,-0.020711381588967015,18.41738980691175,0.3815754933303101
D54,8281,0.3099441123975618,-1.4940771316588553,-0.004801170405244193,1.148045187402147,0.3775812851760236,-1.2933895279971352,-0.08075877351814142,1.1147892563244,0.35491735122609636
999,8029,0.16992114447402637,-0.5106799090970071,0.0044043360958312405,0.5284040987112351,0.16986099729397322,-0.6097968871499404,0.03437501375387342,0.613308922121903,0.20574894197086946
A24,7746,0.2305724851736363,-0.9639759904551681,-0.0654898086800415,1.3394418611824221,0.33458294287046897,-0.9871785129071275,-0.3358678173086105,0.3548006497096523,0.23482798248323192
566,7149,0.4453923639524076,-1.3269608312282344,0.036690778006231994,1.2885419613610343,0.5518215454981918,-1.0215328892606124,0.1480843769240181,1.8648410197770822,0.612059785427544
330,6674,1.1756358393987303,-6.253697512438805,-0.23796293970832494,4.8614052125455505,1.5205932209563302,-4.465260394953354,0.05277761469457687,3.8864705721757455,1.3477433154985865
033,6631,0.48504966801227145,-1.7664952432859593,0.09633672960802642,2.0946269920600002,0.6946023383325425,-1.4052458279444124,0.08271627796148096,1.4937198491280945,0.546628525600318
W98,6619,0.2555901684046394,-0.9491622002133226,0.04353317823984071,0.9145978527408267,0.3512065450220154,-0.7712772530403811,0.0024493200683650684,0.7147004706031627,0.2714657968966801
291,6567,0.2570660511216602,-0.99580286449509,0.1028934471833054,1.0471195580737458,0.412125169432129,-0.8344383274110356,-0.26830515372324726,0.3027916412769112,0.21120797229376026
L52,6446,0.3277351371231058,-1.203099903023741,0.003637038471993037,1.2237955987866949,0.3804817421488871,-1.3448515687615181,-0.10103684054207918,1.0415892479142874,0.3500632041872289
W84,6370,0.07888462728676972,-0.44299336565359226,-0.09135911771096517,0.15618897812329277,0.10495481232454039,-0.35100989250717457,-0.07888975651617613,0.2341502011155587,0.058389251453772384
645,6161,0.05279722786196774,-0.38217446638384445,0.016160772509010712,0.6143328282178118,0.0809332179194962,-0.1934332038288744,-0.012142836406781043,0.2800600859572455,0.053909887172674774
U55,6080,0.26667965207235,-1.1135357759557785,0.06639371699463936,1.379336562131923,0.31139139614051087,-0.7888427063496783,-0.033015950093862045,19.948721732538857,0.25036226593944777
J04,5860,0.18699220851473183,-0.6394298756046624,-0.13263815538380186,0.3541032935787313,0.23519403711245274,-0.7402052270925719,-0.33572244252040306,0.09023931931175765,0.18459116658252883
Q60,5656,0.1703524169257849,-0.701101121018155,0.007031783974298378,0.5669114146058973,0.21595794076702474,-0.5426193398605506,0.008960165064308967,0.5404060992769466,0.1713614453973455
084,5563,0.27502962498214023,-0.9188152427032037,0.03963453115147786,1.7936893738391235,0.27597156027378783,-0.9363494471941181,-0.06218561677115986,0.5842319438771336,0.23310632605849463
K81,5002,0.3209832098423939,-1.4319361871689296,0.10182599232280154,158.71749512157663,0.3451185974834533,-1.1787186363457547,-0.1686325184483195,34.13866567936288,0.2897308310037774
U71,4946,0.20005397072339268,-31.712532561940066,0.0014995585956967261,1.0932449376753084,0.22850248815944382,-0.6668454650143651,0.007982875068179851,34.41320007676683,0.19521772444465993
020,4945,1.0812688751991117,-29.061277745422558,-0.3768034230233752,15.435227883128777,1.1746170414460682,-21.592410782689264,0.02770675714458548,14.060576168839544,1.25089700842626
X05,4857,0.029157872563657754,-1.603051736578891,0.00716040858605993,26.13181862971942,0.028232397121109896,-0.6558087772821607,0.0011019834972536557,6.353429391050945,0.01689903112271688
H07,4710,0.2731352788240719,-0.8629230136783405,0.06313804317130689,0.9977077894961875,0.3765582788987427,-1.2657768448760809,-0.273528739626272,0.4518412918712042,0.27703814291106943
808,4630,0.7356108178175225,-2.5491311954161233,0.05369793549334645,3.268961398266582,0.8844836942436597,-2.2797797493650584,0.019886870086693875,2.457227888373464,0.8030925591513708
G92,3926,0.2446903745098612,-0.8176429074666203,-0.021252575571395482,0.7623428403107368,0.32189977821639165,-0.8620181144156192,-0.15911661783203357,0.5562826862112846,0.25906542853584413
I02,3714,0.11672933351431465,-0.42597665146161034,0.06959035961244808,0.5362530460574214,0.15938360320087894,-0.45901024997104134,-0.012750209700840287,0.3302819667581853,0.12430879055415076
I13,3576,0.21778863080479496,-1.0260303579556762,0.03768722283847836,0.805334645716016,0.2665734979346415,-0.8762701874341694,-0.10488106885695458,0.5679068172278257,0.23229782031668345
X74,3492,0.20717723310626554,-1.4904800954718664,0.00020160661620138853,0.9520916276659355,0.29337497821454916,-0.5589866189345294,0.0005370707344853898,0.8849639132506912,0.1955251439669516
300,3452,0.4302388149308127,-0.9049021170474703,0.028372042264379616,1.054127056573293,0.36432811103385687,-1.9309146250769693,-0.24551013042510839,0.6060853535788977,0.457684014363489
323,3310,0.8638251106318778,-4.164684467351377,-0.11878233613344946,3.5814354179139234,1.146375066012346,-3.123900894412266,-0.1501647439770437,2.795633186567505,0.9157178142825568
557,3242,0.2690430855596597,-2.87631556285902,-0.025642997817953983,43.763330358378944,0.31968073236621053,-3.7836158499319326,-0.03635127253289738,4.974713637431017,0.21024608459534957
A50,3192,0.23164232828688724,-0.7621156640905012,0.023755159784855095,0.7318531675945649,0.3162980353963911,-0.8817690062449389,-0.17782583162134769,0.48393333138785494,0.26146211333685365
076,3091,1.4550757476385567,-10.215208630930306,-0.595281409675863,5.905787590370437,1.9483458810603382,-6.655477401258558,-0.8576921077363409,3.9108159061754577,1.4215023277117123
118,3070,0.43695753411865645,-1.2863014389719751,0.024641654169954563,1.9031581532608108,0.38659538234879615,-1.047660535091408,-0.026138340429682216,1.1488353757066962,0.28001292209951356
120,2995,0.4057862956858428,-1.887489236076103,0.0011546209748303227,1.495051668247244,0.5907575349106878,-1.07371965823404,0.02293543349480842,1.1628502681182926,0.46743823936221085
399,2947,0.8648129773935859,-2.3728068480947684,0.6037845003106668,3.400976928582082,1.4158101846967268,-1.8044295538919641,0.15488010704984845,2.1457436401097136,0.9247462222417547
D00,2928,0.14473899747724217,-0.5069449539153936,0.03817498396436747,0.9208522741256238,0.18932439359327957,-0.400160117445445,-0.023871538768105438,0.6501042398395818,0.11637501105137121
A77,2910,0.2927818917050665,-1.1810379670106386,-0.11749553706295046,1.671045030945211,0.3990567168337153,-1.3122240152939568,-0.31464493562296525,0.4615432689754684,0.28777490755416324
W95,2814,0.18040408366813612,-0.8609986600470165,-0.014926923927305324,0.9329212809043949,0.2424225563490524,-0.7986910569299721,-0.09434895657065567,0.5175817456702254,0.1726897366253172
160,2793,0.2268306028077595,-1.6762407297642312,-0.008308031715387187,1.767128465445463,0.23553068259646806,-1.1397062707216143,-0.048561762668697384,1.1339665250829911,0.2255210804353251
G36,2760,0.13309331222457554,-2.0470915232431253,0.014166751867605853,35.421757221051664,0.1740610020733527,-2.321050700309647,-0.10174676665837268,0.5409372159547868,0.12450984669867877
807,2649,0.6346595223679498,-2.0682906918818844,-0.17934674069692846,0.8996265432597284,0.5564349261369329,-0.9749240132024184,-0.0013364143455874,1.374655436637333,0.3910591471747896
A14,2617,0.15003951450223288,-0.5528028544131302,0.006284758543984026,0.6462451447191597,0.17742039348890612,-0.651946413415665,-0.07851075766467375,0.37559585085593394,0.16372411973229303
026,2575,0.8621298258957916,-3.620314233778572,-0.33511040097096156,2.9609855534620917,1.1990555157348313,-2.3251349555941037,-0.020190381993501205,2.2471669305440414,0.8314481052103343
010,2442,1.5990377383209817,-6.2201207431768974,-0.07292187569305497,11.318859888524319,1.8266220091721201,-3.9784143075014278,0.17623668329811437,5.554127982107726,1.476299768599449
760,2441,35.4724831009855,-191.79615191414996,0.10838463986146962,185.6029659432295,20.094871250783108,-93.42660527675406,0.0947279496283926,92.29642858858895,8.986938642659906
089,2406,0.18322596931776625,-0.5536867638426202,0.01592421534155619,0.7581038306938126,0.18704599705821265,-0.36115171438981797,0.01005798217832421,0.47714580214028857,0.1658229672724829
599,2403,0.1874692396675364,-0.7876058236665529,-0.08889919108696631,0.7458384236485871,0.26309918075941024,-0.8791431520348691,-0.31937996173496686,0.43938074221293005,0.19228969103840682
V32,2364,0.19503844554982794,-35.18978668056828,0.021070928477229245,1.8038535169304557,0.22741080278159698,-11.46519918029143,-0.02290850589545812,1.2799213681345702,0.2549248091443854
073,2217,0.4989577200626605,-5.069283632674342,0.11062271830724058,7.7636955112848165,0.712113342081534,-2.418542972547897,-0.006366019609060913,3.869059387724329,0.5570654370067055
400,2213,1.0716533196928018,-4.219700741023189,-0.37195659385815816,3.067227205864071,1.3206426380520815,-3.748578533755875,-0.05790843106314725,2.7420950730092013,1.1589137144837505
D35,2190,0.23421657111796917,-0.9093746280822756,-0.1420975034918115,0.5392402369983892,0.34256312626619206,-0.9314230418578084,-0.29387073773783357,0.20929003345310493,0.22370545697125033
049,2179,0.5589358862458574,-2.095906746396423,-0.04643590252157992,2.65532569498079,0.8883745123836172,-1.3006252619820735,-0.02780662573798054,1.6880638311319196,0.6352252365228345
W91,2134,0.07098530145292022,-0.23410708460943397,-0.02820661827627191,0.21346876982843077,0.10173972102550578,-0.23263010507851511,-0.0778800162779536,0.07948607715496436,0.07168449304766461
411,2121,0.3604433096246144,-1.0286835216220425,0.012569290299779823,1.1997694828664862,0.4607965522263498,-1.0255742673535906,0.10641762617353834,1.2013108456159216,0.450085596178955
858,2115,0.1154456159823753,-2.078253100804659,0.012639574686090782,0.43748585198798656,0.15017151480557003,-0.42212709173238494,-0.06853498403671665,0.859113062018271,0.1163374359177193
428,2111,0.17735088998615806,-0.7200538113153243,0.035704707977401995,0.7212378238193651,0.2367154606801546,-0.7544463124343537,-0.019621499919253438,0.5031401275612524,0.17822467144536316
372,2036,1.1845137670893535,-4.214353992578879,0.38891881794427263,4.751347689422403,1.564912122088616,-3.2671005889845617,0.04782417935587091,3.3842946988379197,1.2384304283456695
071,2019,1.6642321950878738,-4.770509943916128,0.16365701467293547,6.607678365574791,1.2672741878887384,-4.657106135969986,-0.16742440110135703,4.0998294789259395,1.08897213969704
716,1930,0.17249814790433163,-0.6086928620315746,0.022726770430381293,1.0979718296353942,0.23484657692924427,-0.4544157570255436,0.003919033891008894,0.821624007461883,0.16227808946454245
V11,1906,0.3095796075885476,-93.66270868986248,-0.014577051911146555,62.658662229593176,0.3348394410445013,-1.1258494519769346,-0.045944022701505105,64.76495604981913,0.2587599244096573
805,1899,0.6379307599387056,-2.881531879911563,0.13410864012257662,3.9361440429576056,0.8419877698548908,-2.8304496702135395,-0.14917880470122213,2.626695354832921,0.7744760297531654
Q21,1878,0.5460068397432873,-4.126847191221827,-0.008334467349868646,2.510277807084834,0.5795056268348605,-1.7984713552264786,-0.00656255567328401,1.7237431465888455,0.4153988922370693
G91,1856,0.11229026922184869,-0.5616981996837467,0.02708184221518195,0.46038554113003727,0.14848914576237404,-0.4169197923226342,0.0014104978273365987,0.3612904643137682,0.11203494897304124
012,1837,1.304513428872161,-5.96923000187644,-0.060204278605624495,4.726569045658374,1.163479742308583,-4.426897898914118,0.07145855918508914,4.281356650777522,0.9318241947633887
N56,1805,0.3416883293240581,-1.0365238890109651,0.049459010506325285,1.2741847751115614,0.3591928409682759,-0.8156138080792275,0.008627921797810245,0.7006486951786415,0.26271383436673423
610,1777,0.5278110003522212,-2.3160343836116226,-0.16142064524728994,1.4782276883624939,0.7333603983799856,-1.6859837940140208,-0.09906398774095493,1.4184199387930347,0.5784760577114012
910,1718,0.6461450548232432,-2.078010520966842,-0.10255205064026995,2.580834362038616,1.3776057439278349,-1.1345183562281758,0.08090834146337045,1.3786819931728904,0.6516342454924029
C23,1648,0.9009306429649084,-22.786623804776266,-0.013971434991333354,25.500451450797385,0.68881796235387,-19.47428925619962,-0.06366707544449568,14.807333394883909,0.4666168265451934
022,1636,0.528901190287479,-2.135260262756944,0.12885905534290032,2.492424462690934,0.6724019702974294,-1.6717190029433393,-0.030076746072893457,1.2544175147501946,0.5321227839761883
711,1626,0.43903034560286136,-1.9010872925509514,-0.11165106844828188,1.2936636298007897,0.5805480563446588,-0.9580796678593906,0.027868466395375435,1.1590950099395148,0.46516603217956753
006,1592,0.7347258393282473,-6.344061779043954,0.028028309631622506,4.815914805215867,0.6719884631444051,-3.999089341772759,-0.00011493495435388468,3.862499211737269,0.4792263244760471
K88,1579,0.20386221853391426,-0.2844632121741597,0.05085477234842983,1.4876278483038128,0.136540581983499,-1.8372999425697853,-0.13148905515123488,0.1410303794440248,0.1784119522982459
Z73,1557,0.06461501143006271,-0.21873282909979253,-0.00018631261013979383,0.220201934582178,0.0993137235253323,-0.20645729871368698,-0.005500172036221329,0.1750200585176741,0.08384016838698428
420,1503,0.4798884827133397,-1.549022084494709,-0.01465614896005718,1.5575780607588288,0.6979122756311676,-1.395602261753055,-0.00035015474679767067,1.1896385495911588,0.5676223816721219
568,1486,0.3139190078680381,-1.3217345535878167,0.010921545396058718,1.7154473703604012,0.33709054575325637,-1.348431900856717,-0.07648939316808878,1.7515415496210274,0.2720943657807265
381,1467,0.6342368161512931,-2.4919296485057885,-0.19425980877656457,2.4323928210287686,0.8294794983477715,-1.6347045673845884,0.0734584375024383,1.9917043807829946,0.6151096454487788
C20,1452,0.18747567755178016,-1.2797350095046056,0.06537553649792471,1.635985471040986,0.20062593456082595,-1.1040338435664676,-0.052366516876389824,0.4773480470475085,0.18370598554497328
104,1452,0.3923141444555575,-2.0142766815537527,-0.020269731697908355,1.7112162686776236,0.4417872089864556,-1.7964851461350007,-0.18217680706698047,1.2922231018957073,0.4236600668061646
H21,1400,0.1474646997989068,-0.6258806871544209,0.0036249272000077326,0.4964366577794237,0.16888369110952112,-0.6241737774415679,-0.05375162301817227,0.5389255246751457,0.1532558813408532
Q62,1387,0.5861450992219047,-1.5807896559033452,0.11699401593432412,1.7708676739761127,0.527122292999054,-1.0204265953525304,-0.04699578230571433,0.8769516389298012,0.3088052669238746
C97,1385,0.14015641052362462,-0.6535820087148636,-0.0007166689385940117,0.7272943653072159,0.12614966198486513,-0.757672397351481,-0.217000708084214,0.20437627964014354,0.1251514194198107
511,1366,1.0642715428162006,-3.0011861076189916,0.2576479473098914,4.630643133823753,1.4723315366232657,-2.4298792679104064,0.5142380569783,3.291522971651961,1.2187914124182342
491,1290,0.7571436416586447,-4.095179579582293,-0.1431576718289307,2.7778841128210643,0.9545130761020391,-2.6618489939940737,0.05641047431570456,2.8618435570732577,0.754200992080341
739,1289,0.3513945222436045,-1.3076797274644036,-0.027084052044301643,1.03224782427219,0.4924038341736917,-0.9447259183306755,-0.027460029167336586,1.0535789345071576,0.4338441906070882
894,1288,0.6488855548060817,-2.1668878293962024,0.3391755926742235,2.204455775888762,0.8175869676095038,-1.405318845057888,0.2878785304490705,2.0561720504572816,0.7804089898587426
H06,1283,0.22146719247041408,-1.1173756302282456,-0.00591077435956322,0.9255379077211511,0.23067509594458555,-1.1337783834862947,-0.04179887118667125,0.700100391745988,0.23947613275191557
M18,1274,0.14643160891505397,-0.5559449596694321,-0.0012327177103088616,0.6079362927513896,0.19755436361834539,-0.6068540496236352,-0.09342115193433642,0.4569108487914195,0.16030141242197374
056,1270,0.8946742887500085,-3.0423845395719695,0.00036254630657595044,4.910718066631134,0.8989730239324114,-3.092647937066193,-0.12297429916374725,3.53426209014731,0.8457245460376495
657,1259,0.9963275355876505,-2.363448151187413,0.16970552758266422,2.446028757287308,0.9644123414199088,-1.324713187564006,0.7254392558920131,4.186752890937139,1.2538271309310438
I52,1256,0.17109089346451214,-2.475691663858015,-0.03555603808820251,1.0643538107188988,0.16660515990553562,-0.6683502893315207,-0.05943760508095863,0.6724886562190946,0.13889313755569274
054,1250,0.636605791363744,-2.6706280000958316,-0.02794510770627312,2.8478590296187627,0.8221555810154723,-2.3884544355276547,-0.07587675908702352,1.6887715690139862,0.6853541781103305
461,1228,0.13205100288804875,-0.4390590699074437,0.08875614861949543,0.6809945603943394,0.18859633273624338,-0.7570208950584068,-0.2531983569593166,0.09455477827593517,0.12478545432494165
185,1205,0.24902336866100888,-1.0744474279761107,-0.0074291215355515305,1.0660083304836054,0.3423019654226209,-0.8990235787631562,-0.11967182360592687,0.8282579290734481,0.3335145041126444
710,1199,0.47025745674529945,-1.5324371448753025,0.06465407450377825,1.5323247964445832,0.5859736750258412,-1.2499384156953397,0.15774863353499313,1.7028903682237477,0.5411379979415022
628,1152,0.7927058583819092,-7.841991183052242,0.029296828233782435,64.88094327195853,0.701951297996859,-7.992244269118131,-0.13228129784398357,10.738130231045478,0.33627215716494596
474,1139,1.065504954030586,-4.841569719714585,0.16627889690425945,4.357236335622753,1.3486392308448694,-2.7574370510731683,-0.07771659373645434,3.2829244095014607,0.9152920772120813
G26,1130,0.34756264889780675,-2.8982145788650366,-0.0009359866361968727,1.2858004989401173,0.37505312063122265,-1.4502606319915754,-0.011604707026524608,1.6846530715944763,0.2882434372414461
695,1124,0.34810012779560584,-3.7428031945333373,-0.0843217793317308,4.116275451310812,0.3995978213198975,-2.0472868958180435,-0.1943954739996201,2.089581959197648,0.25832126436365205
552,1122,0.8647653417388332,-3.205293420169255,0.050639836132404525,3.634941703713391,1.0953568366637658,-2.439887751149943,0.1439357056359114,3.253716709356301,0.888276561219693
152,1114,0.2981403504490051,-1.6130460633377197,-0.01744577785913748,3.5409394376833236,0.3085128928039252,-1.334489236712888,-0.16336020941416507,0.7716886805992818,0.2836233105860811
983,1113,0.32495953046755327,-1.1228516170899638,0.000598480932012535,1.2166115213221942,0.3903119803213678,-1.0565155863210407,0.01348797336859775,0.8632338443368328,0.37989634416748413
385,1110,0.559639081022863,-2.0914499635100015,0.04695959302694064,2.6624816243372234,0.6015468842632355,-1.8366847170542933,0.07186015075149044,2.3203231612695867,0.5967044515857
C95,1067,0.16564073489149825,-1.2149585891157244,0.017798516682887566,1.6702301337164547,0.17588059775854845,-1.3678570592674781,-0.03220022247560905,0.7473091594022527,0.15240686095880637
270,1061,1.1622954244373163,-25.31378191491278,0.05024370564399305,106.42661249707854,1.0892625301430603,-14.854019464934254,-0.15045326682425753,123.43495055056515,0.8024603426633372
Y89,1024,0.2390536291443484,-0.8837516528002709,-0.04929784667524473,0.8842278507127309,0.33532552405000726,-0.8860310809661697,-0.09453068903333417,0.6129746070507556,0.26302392520942447
246,1015,0.22095727941505786,-0.8504081886889026,-0.02361858691983798,0.5406971381689278,0.2655290059799311,-0.8396263547587601,-0.10527528268653441,0.5385861464557788,0.26220647360098526
705,972,0.15988443396131813,-1.30336851360969,-0.06356473834809862,0.38075176971736907,0.2433412174453937,-0.7865773295624651,-0.08640707956472093,0.1865872475855641,0.1473175797483528
W46,930,0.15788214219100305,-0.5422466893942257,0.05906078228559153,0.9120760482386455,0.19575652594917053,-0.6860151083010879,-0.1761549451138933,0.5482929099829008,0.20687321552042176
D03,901,0.1637726518357961,-0.677610933328765,0.04466978891741746,1.2080216283550271,0.19343299486863202,-0.5565356972953683,-0.018694085652271042,0.4299877214510417,0.17184082828564895
130,898,0.13488259276966091,-0.8925410545826651,-0.011044655788339242,0.5078329098980561,0.15554328801018213,-0.7370665402817167,-0.03861611220230543,0.38744525592178997,0.12171409259855227
596,884,0.5734574515904856,-1.66978656698193,0.04435962933939663,2.059672528796307,0.6931572572322642,-1.730523219075728,0.11508713329213549,2.377693809958589,0.6742041580101747
J26,884,0.31475864764092876,-1.2105256895311989,-0.10016109278296881,0.6463629166988476,0.36892090409056266,-1.1956374448104512,-0.273183605915861,0.5460599101892691,0.3452140322210637
169,881,0.175502837503017,-0.9501493843231401,-0.011238676574976125,0.645838424327394,0.21441375257722256,-0.5570359448999085,-0.023304346100871953,0.5198610644171708,0.15177649417975175
168,879,0.1626760793447357,-0.863504580269705,-0.009311324652117037,4.4403962888420505,0.17423478186465216,-0.4458760408420658,0.025254845267852488,1.3208993182023219,0.14944421069797584
T09,856,0.10489667371557822,-0.19477260667990492,0.1269562742038488,4.903748568414201,0.1261741019095501,-0.5755072468676792,-0.08085239821153944,0.29546932760726174,0.10507719205306686
701,856,0.3881375268358394,-0.9803896392057254,0.0028148099659119907,2.4273105150507845,0.42045426186810514,-1.0615248129068888,-0.02978475577855022,0.9818032731500281,0.2946042420479385
L47,837,0.5325273121465156,-2.33245482546522,0.0028057820770754915,3.468012839053366,0.6472872457912342,-2.3475528217346575,0.008061916152257709,3.676871190910239,0.4907741493294102
H23,836,0.49343695179928715,-3.498118510263737,0.027070651008820334,3.2346791524730634,0.44330372507190297,-1.486523561550257,-0.03906086327987168,1.312842741006781,0.3538214511349013
888,831,1.0206210958490853,-3.4128588689775086,0.11223162902069816,4.154371546285773,1.0100811487171275,-3.38592772394426,0.05935294905157207,3.985271612943464,0.8993594796987026
204,821,0.11470056801845495,-1.00979145199743,0.010840918127996702,0.5382986887980223,0.1329415725796821,-0.6960573890874455,-0.04445461213862245,0.7672187449795587,0.12075536956343437
113,816,0.6207644458082238,-1.2327172490650184,0.19250134136328256,2.5345244126043553,0.6548187780482002,-1.6861401178467794,-0.08385552010690134,1.4718598545004458,0.4593811610314163
951,810,0.23873301622447296,-0.834702380896033,-0.05025737536534791,0.7839085235141136,0.32520920202606385,-0.9738107168315668,-0.2765559861533262,0.3737179518674427,0.25674127744891134
A60,805,0.5377858273328567,-1.9279451144029736,0.1847118326452346,2.1038429479176544,0.7470485260512589,-1.8735444092527584,-0.041677072481149935,1.7271915954040642,0.6340069533829656
G69,795,0.27464019409723817,-0.8510884500964265,-0.09665619943461934,4.551656834167375,0.24825670805629213,-0.8309419489749814,-0.1552082417276779,0.37864771948900244,0.20185028717879502
O17,792,0.31234282148716846,-1.6147298255873463,-0.34386987148309345,1.949569735800197,0.3977564479526006,-0.7394557257817169,0.08157298806672486,0.8899337817226556,0.22436349648826098
098,770,0.7870974365957308,-1.9941942402515167,0.4445898232347645,2.974389873594987,0.9119469272005858,-1.8106583228675266,0.38415090752259573,2.401608356843363,0.9130057433218617
900,755,0.19120893688685278,-1.215621638345965,-0.01041141242978938,0.9088391480059947,0.186173186645867,-0.7187725321244187,-0.04617268146063225,0.680969316920227,0.18050524178745503
360,752,0.32009279727505247,-1.0365138989106981,-0.019153195790977406,1.0239082223952785,0.46063002668960357,-0.911759819383704,0.026176984970049944,1.134889319852875,0.38791035086999426
621,748,0.18073444899222213,-0.5711127273130678,-0.009488125868983843,1.3520363528476427,0.17202093852822425,-0.689893078268975,-0.05174428017902244,0.5304945066542696,0.1706825054530818
114,747,0.5877240810057769,-2.457785499296037,0.05120672091152301,3.3908594046677387,0.43127327945467414,-2.61801111974453,-0.0008621655037899245,2.1585634499387756,0.2923142153765002
678,745,0.44270803045193496,-2.235831031325688,-0.09276633109038812,1.4811740749058797,0.6277394668615215,-2.1197996270508668,-0.3077805282022339,1.3895079193757451,0.5645867879389392
587,737,0.42479249615451625,-1.9997229595310273,0.013413609372037172,1.525475745906988,0.5286358712205106,-1.2826168479614353,0.030008010220683445,1.2568821319654688,0.5056251550776852
029,731,0.4180123431432558,-1.7284680395576402,-0.1650097629863012,1.0250826713352978,0.5415411193183041,-1.0220026691136308,0.15414553153902943,1.3293977543673563,0.47890598103663845
414,725,0.6787748799527543,-23.659484260939504,-0.07971446509600355,7.956995677230896,0.9675930039756268,-4.160186447793919,-0.16383203560508264,13.022763768684632,0.7776190199351514
990,724,1.822903403661716,-28.580195551948577,-0.23926716945652515,95.76645844154775,1.940039707925742,-26.241258135806717,-0.23543604757918501,55.50652469768476,1.3695969462264905
309,723,0.13808227911481485,-0.36032879376193705,0.007134114866857999,0.2715754434620974,0.09143770909801333,-0.3078043676338127,-0.021708272397069628,0.13556666183733848,0.07582517521852779
C15,718,0.25717887865715916,-1.3222854633337988,-0.0017435702545753884,0.8688246682021367,0.28324399255216576,-1.4045693351941546,-0.07926377866702694,0.832983064073039,0.2929929876890285
C40,716,0.14240735340966412,-1.3923538404668534,-0.013684739498387444,4.896722703778522,0.16380741291352335,-2.4622257131997727,-0.07970029112840393,0.8330858288770671,0.12049926895140999
426,714,0.3394764707989499,-0.9909981326993034,0.08640854994723668,1.2871573271604568,0.47678086057077546,-0.7981352803798103,0.05019108581230114,0.9638478005382443,0.4301355734389783
D95,714,0.1467820784840904,-0.5746766018990712,0.0004888015496362641,0.515373957755258,0.16247622785202906,-0.7105086173429775,-0.017919205807581662,0.533518090703513,0.16388255019355824
589,713,0.4357764780618547,-1.4377257652927256,0.02813817275182373,2.1770338183738076,0.6443319260956059,-1.5356071082351885,0.02453439864389395,1.4592465280006186,0.5707073937606527
Y16,705,0.28373641306758046,-26.53910913897562,-0.016185999970730336,1.277756346757995,0.35639619493544156,-1.208099903047355,0.0024847879274148,15.599310651902533,0.2640283486268396
G14,701,0.18817375780521095,-0.6436823457221408,0.01453585023227788,343.13762281847175,0.20842737744923623,-27.38418454948004,-0.059939875987424784,70.08888789222567,0.1760247989876538
G78,694,0.24441362415187282,-0.5872745627323184,0.09048203557284751,1.1229054973455774,0.3030729570930421,-0.8247188080187096,-0.1440239881620009,0.45762051316808433,0.2769069282445657
669,685,1.4873384358079311,-10.505489786346516,-0.3626255699941794,9.42891974889788,1.5639335353548245,-7.163428917161311,-0.27056185077327655,4.347071668750075,1.7253645080769153
693,667,1.1988404389546126,-6.257569765881497,-0.5268274507329807,4.618521821391257,1.587896867988479,-5.042254076119281,-0.24979470046986307,3.508322592261024,0.8134374956447112
G27,663,0.498640435513958,-1.37892971323879,-0.102063478590253,1.5861101395371657,0.4617458160641018,-2.0297592439434187,0.09928371541221281,1.3098967433635853,0.4757437168539556
108,663,0.5968453765221393,-1.992985307116477,-0.04853993298183923,1.8754514724302036,0.472173497264327,-1.4579380266274455,0.024254781440902207,2.0777059466912795,0.5114868179602066
684,652,0.42076519007088664,-1.2802655368885496,0.03071153402629534,1.2271395208043148,0.5192141031293568,-1.0545966679154262,0.030267959968810487,1.2321630797268603,0.46425177504556187
658,640,0.4887188497673857,-1.1460381500926786,0.41126983028760833,2.034922475964151,0.6309424022901519,-0.9856205649539618,0.060665408440740975,1.1316363710573452,0.4675184443033849
127,634,0.35924817724569214,-1.6057976867111279,-0.13604229207833107,1.4557753915880756,0.3835901384506719,-0.8180668938809577,-0.10986241100052752,1.4485988668384129,0.49189321288465615
786,631,0.3788075878656237,-0.8802417798563056,0.1615305314274451,2.235388421158291,0.528425701107566,-2.2512998988433175,0.028050387203393257,1.1421274055384067,0.46934372229828053
G80,623,0.3242209966570105,-0.8789135958500083,-0.03894402573223488,15.348546103944607,0.3228837589267505,-1.092563625559464,0.0770672498809688,7.092871762927754,0.34847117119967425
Z34,622,0.085516885788906,-0.31872766040281775,-0.035064571841303405,0.18864194635682452,0.11662955025199544,-0.23067312184345212,-0.01590418229413526,0.22658870048823945,0.08838249810628113
X33,621,0.2978730743572839,-1.752037893178482,-0.060995897587190484,1.1415833131536601,0.3437213677086345,-1.0049478840674197,-0.08861796984547254,0.9490760304997181,0.24862984491104667
J38,618,0.15581558723017694,-1.3146393664479206,-0.013514515906365432,46.07652495113773,0.15091657617245602,-1.5197254880076283,-0.05854381324041924,2.070017314872385,0.12252307386687208
L69,618,0.47976403471004186,-3.7636086662263324,0.07024866728002621,2.859140388125063,0.5107560604538345,-1.1146495717697569,-0.01268784154859759,1.4412054756415453,0.23183066750271308
221,615,0.12213694651564674,-0.6705695107899601,-0.029752480779876578,0.4341177296117848,0.16632184136966016,-0.3679338240055685,-0.04206924892287134,0.26668135470480075,0.12911850285139634
K83,612,0.16910817604264186,-1.0457819783627542,0.02236743755652526,1.0792124586514265,0.1699977813982059,-0.7291998072196293,-0.04730879424208467,0.7124224068573609,0.1617221795984302
A13,609,0.181074103685638,-0.6932168480102519,0.10562593738541182,1.077275334102977,0.24189550416015662,-0.8864720401169635,-0.028427822355325816,0.5374272760742816,0.17863587114639798
V78,598,0.1910892324099271,-4.173807090082838,0.03414818901887884,0.9194537116327657,0.27106315159688066,-0.7028967441555345,-0.15993763495352198,1.4563141820476835,0.19988009547240224
379,597,0.18935008329281897,-0.8595160067943652,-0.01516377694770199,0.68181331877895,0.24733118436544826,-0.5270774824059465,-0.046380667959056154,0.45940050763270857,0.20639362335010417
G32,594,0.16293794190129227,-0.6825426108770216,0.03868594259017755,0.5958364840273038,0.20714311407670435,-0.7000842221061987,-0.014057428996849808,0.4647052766612332,0.2176937088902342
732,593,0.47722012925921364,-1.8783330344444948,0.22311761398441377,1.7859695537049434,0.5690284178119782,-1.1712042241410359,-0.00574533777353281,1.4905943717569414,0.44378812021479547
Q68,587,0.34287716489874437,-1.087080324039107,0.02932058548594796,1.8302359067558902,0.4243863673899113,-1.6531366336860032,-0.19171737718011173,0.623696728452057,0.29808287920942267
Y84,581,0.17576232475475706,-1.7061604851875245,-0.1095162541901118,8.019679502547206,0.22269888844863317,-3.159557162180704,-0.1398048741158675,1.0832383974852533,0.15596672775443593
V42,574,2.7551171255452913,-24.917663008189237,-0.02223548336814929,25.309189718280493,1.6271171060948058,-8.138249555847862,-0.05670672719872982,17.433212446634915,0.5346801851737886
303,574,0.8096287253433396,-5.880387418351631,-0.036600911204232034,3.4750166562915226,1.0387448453399415,-1.5918620873974998,0.032221672645249555,2.7904934009166555,0.7416701884858696
J51,566,0.4646871634805897,-4.9662599236151905,-0.04693593777957972,6.871622668013799,0.4000146552427165,-5.077699409109115,-0.04126305737415237,4.841404645510938,0.29358606161865025
439,561,0.3382120075844429,-0.3866328760253168,0.4561973545644804,5.062862301863902,0.3815246490867383,-1.5128772245493138,-0.4940780323502203,1.3633347178995336,0.4255746212298907
W33,557,0.18407955562214715,-222.63203131473176,-0.012158594336142414,0.7405078066435078,0.2388188132768093,-0.7431916523533387,-0.038250816479035166,0.6416767219840138,0.18611240905613655
H41,549,0.22165709945386888,-0.9205136212392517,-0.05980296552365871,0.60066935743293,0.23289151515828846,-0.6671577397271732,0.0007111896799472106,0.6253454185684829,0.20111147470003088
H10,540,0.1526714500516862,-0.6366058813924268,0.028480471434022547,0.9826788167111994,0.19862384476138428,-0.5408483266447915,-0.11236781771781779,0.5282925840378975,0.1709852158391795
151,538,0.2984073569850271,-1.4849456759405655,0.00130961481659142,1.0936413287643805,0.3968659237409385,-0.9550669741902951,-0.18483820266688156,0.7373128934244,0.32667613480304813
H45,525,0.14342282956944244,-0.8541490068356693,-0.04626155284768174,0.9545686825816785,0.20481901134300867,-0.5562491458237772,-0.01864534570898968,0.48260611036361767,0.1380387255388996
K22,516,0.13337133025572354,-0.5515013434283844,0.006464305954523297,109.34149390014767,0.11144157831955226,-1.910913368353473,-0.13183940475056666,0.3585584007527842,0.15915499218821563
423,505,0.49262540611060546,-1.4696703671825162,0.07585610255773645,1.711771515645068,0.5618401918732524,-1.3126662040771464,-0.03931637811156463,1.1892337843725338,0.45057673629911055
422,502,0.44121544418170355,-1.7503468111584652,0.04408404925584364,1.5220557133810069,0.4335168087712897,-1.040437035488977,-0.039331308097212414,0.9961656384531635,0.3135859725532576
595,500,0.5469094948214414,-1.6539345933760075,0.12243470102077936,3.000954773214556,0.6704591884470139,-1.4949793831488554,0.02208683645097409,2.230164143893017,0.5782929128791023
A16,494,1.070724063273754,-9.449278130011294,0.05806627642073181,6.367554638347317,0.9085128166071206,-4.725460886800823,-0.012803718520615348,9.171110534499759,0.6173999629610891
047,491,0.7225684644680298,-3.501243224120998,0.133529133427146,3.6302765701449857,1.0090963035193476,-3.0710305341397515,-0.006334928819917707,1.945800866352787,0.7907125130784033
839,487,0.6108861108558135,-3.2182831657530637,0.004265191182639683,2.9096934640341434,0.8916885385013893,-2.425391270320183,0.12341069821104611,1.740985305161504,0.66006330219543
B92,484,0.16278452591514556,-0.41022880888220925,0.0946139464758744,2.433265059296224,0.2537995445210936,-0.5968741566130831,-0.19223750575237397,0.36720512232896985,0.15587913152515545
E09,484,0.10769508513014614,-0.307751728224801,0.06822334261045171,0.9510015608617558,0.15307647604323021,-0.5406609411257701,-0.0656881979658408,0.2798431419806225,0.09234594002242115
M52,477,0.9036781829268014,-3.837016118620795,0.3469858502285206,5.378833175892338,0.9006130834600798,-2.6215247755732607,-0.19681589362994245,2.3729042235907465,0.5043234464235626
C47,476,0.10266344647604939,-0.341721722605115,0.003866558810727838,0.3410196532136922,0.15545592635615094,-0.30589072037905396,-0.015888136380937112,0.2649160832459793,0.11246215284345971
209,469,0.3408007722193893,-1.4148134855213357,-0.1417823774545468,3.861148417590819,0.4849604158678062,-1.2645373899577805,-0.3520524976948991,0.48081414676659073,0.26589020050580797
224,467,0.3088775161339876,-1.3690272954653437,-0.11226842907490209,1.9247529653299005,0.4169962290914577,-1.5770443047061633,-0.3405191244752359,0.585534204277209,0.3251701382833738
K90,458,0.2006735761907702,-1.5002022125518975,0.02979861570935327,68.77815146021473,0.23252760333303968,-21.245165952920935,0.0035979190810664363,1.6231545854153895,0.18605526204123168
402,458,0.663816524034306,-2.594305543259381,-0.2822156041531798,2.7668961391728395,0.8661887511856418,-2.0041334219685725,-0.059540400552293704,1.677107592248264,0.7173507478983321
432,450,0.19467375614056798,-0.8824908051039415,0.04638690527372091,1.1658489156627632,0.27854050312343476,-0.9022508248412108,-0.03362067333814167,0.43193848362635634,0.166858693744469
A84,448,0.07518380582268631,-0.38110296613907296,0.014720445585680864,0.3213404861983803,0.10305773210288463,-0.39858723473924496,-0.005860364970899923,0.16709942751915285,0.07728874185118834
905,440,0.5107911238256845,-2.0208785608402025,0.1472992345441071,1.560568063944032,0.7522314626944432,-1.0882814027984367,0.14504373455892505,1.392725209416725,0.5682330516487156
J93,435,0.2886235315334623,-2.2491051567379827,-0.08526985729986336,0.6074102321713313,0.36665424146202436,-1.179327419621865,-0.20375326685382333,0.662737132204495,0.3332720994666405
W09,433,0.13972446998872134,-0.6126663523491516,0.012224666488691582,3.4796539187618656,0.18085954804205584,-0.6146774291782187,-0.02546152752955777,3.3078786065986643,0.16881852849467918
069,432,0.20944506527639112,-1.5294192877252044,0.0021102758580582304,49.59438283852689,0.2876161531317348,-2.1805820346785865,-0.17714651237739076,0.5408308232138577,0.19920343815590888
J94,431,0.23593666626038207,-1.1019122433388873,-0.044725558245772845,0.7623386082943995,0.26510436394297354,-1.0532804618218705,-0.09736271455622614,0.33216332909162816,0.2423816058907481
Z32,427,0.06111725654927453,-0.1502012450799839,0.046699330482624646,0.4847589092112869,0.07397665868146959,-0.23027982643241351,-0.04182896913960121,0.09555626014832616,0.03719161140965226
G02,424,0.1275416639145262,-0.4518754194813823,-0.024831263829128147,0.38218741396221395,0.1390287432405205,-0.5072000964674395,-0.08039771426524567,0.38632127311816084,0.13899571607222233
G40,424,0.10631491524056845,-2.5020693302816,0.021284378240693513,2.757630828664917,0.1341989000068179,-1.0492439593384082,-0.026646259711515796,0.7614446218233097,0.11766612928897482
117,423,0.883573939022339,-3.435565960416014,-0.14048674579498766,2.823144481658342,1.0062602285812499,-3.7363884289295153,-0.27278257469163236,1.9429749164796375,0.8241692352665297
V18,423,0.42236552128628263,-1.7184628902214172,-0.1252897213049664,1.1391597877771171,0.5199533389751928,-1.2159147161184158,-0.14669275588161668,1.137221719972956,0.4050590478985835
H68,414,0.21624006873707088,-2.2436344949187506,-0.15812918319397795,0.6030040632145988,0.26986886715231545,-1.1999285984472774,-0.2502690010262931,0.4860896155942121,0.2328453452127705
N54,413,0.18812517203096504,-2.4888446861018565,0.05437030200141635,0.5297912367547041,0.19158735760500917,-0.5529259516102057,0.05020983623751363,0.6595443972970819,0.1380485629498085
K73,413,0.311034289342316,-4.351453372550509,-0.002890057703552884,13.534193661376149,0.3210582582123698,-6.369693638203432,-0.010756313136184303,5.412466863613329,0.24144193691479138
975,409,0.6062771885933164,-2.079381658531929,-0.042004691206898315,2.254982204609065,0.8198339527236044,-1.8757022808225088,0.03856809890976365,1.7780285947201695,0.7522398639055172
I93,405,0.11103723415716031,-0.45256224321462923,0.02323481884332068,0.3737330327555804,0.12755175171103472,-0.6163156603959405,-0.11093289963106656,0.19360919907157365,0.12365170758339235
919,398,0.3340749238146664,-1.7810566420799034,-0.10397452851975686,2.2577279581958005,0.4193140874879384,-1.5381652217356567,-0.04127235352440195,1.1248188589819894,0.3510129773070116
L65,395,0.19794695170607518,-3.128562773257464,0.016506616208289415,13.036183799329665,0.17512524559665849,-12.483464582657462,-0.01774610704785573,8.831012655744463,0.16215220503228164
L36,391,0.14916506854542697,-0.7770867487920441,-0.17091405277938065,1.8315668699074195,0.17381275782219033,-0.7397188019663936,-0.038096845460700024,0.6286612023549853,0.18585614333152295
083,387,0.2465590189391558,-0.906977939208673,-0.007269104025908746,0.9509665021704392,0.3555577303960581,-0.5540612141110124,0.1314726205279726,0.7099537354361529,0.27878817369486425
816,387,0.32869373706891125,-1.176163796118459,0.06206065656897408,0.9879118248500137,0.4917767281976148,-1.0506202719039237,-0.06350127681766793,1.0060372383655456,0.41898812533123486
Y05,382,0.1318340994618918,-26.83318751388427,0.013869103037222885,0.9212474679378587,0.18308721724919222,-0.4095796611044378,-0.05589121610327652,3.551367505891283,0.11633224753310968
138,379,0.464772285118242,-1.3799617618050775,0.02590945784959331,41.63497991406891,0.3883675760774003,-14.624992529358085,-0.06442953109910832,1.0372093724144449,0.31997024600417745
Z80,375,0.33658071225466585,-5.309831604004387,-0.015268600924400744,5.541936671541962,0.37275517823684595,-1.693435068128264,-0.09488115360909433,1.8701060051791343,0.26300338015970237
M31,375,0.2550532981214362,-1.0898452208562048,-0.022067222289479105,1.0819745898177755,0.18895153295960881,-0.8391748299919044,-0.018249604733000524,0.5456055502794724,0.13826100946428424
V30,375,0.17611007399116047,-0.6794458680212756,-0.14823650440263236,0.5382402771129322,0.23249471102802174,-0.7496260030927937,-0.15485692705112797,0.38835495106660267,0.21444899679090126
Q11,374,0.1306567538244325,-0.4692390318558637,0.005775455979062372,0.38375872768199315,0.17004213559825757,-0.5092647938977457,-0.1591888047013157,0.30272086064579556,0.1548662983826781
K74,369,0.22208843951360613,-6.24699454865606,0.010286658130098658,3.2975384612507326,0.18669819982346553,-0.8936735189391953,-0.057635579074144516,4.405850861278403,0.17329511661000993
493,369,0.663925100240702,-7.427761047616741,0.044866274970445374,3.370706707169123,0.48328946516367294,-3.7525480650182876,-0.07339308753060436,2.9038311052590875,0.4039864723853931
D08,368,0.1227938233071779,-0.5571173876583657,-0.04371000536878,0.41588936863689685,0.16119837684946658,-0.5412249059689955,0.01407001588518142,0.4756867362572942,0.10778274498868284
334,365,0.7955520970581141,-6.307232893809669,-0.31338566276417623,23.070691233978938,0.9084812189782155,-8.113569879521165,0.5126564790344901,3.051966596065706,0.7243932289213864
W34,365,0.20324544067694017,-2.946494396837665,0.0316173085536775,2.0625244404362757,0.23972619676851195,-1.0258333280522436,-0.10535982600607952,1.0428113925949838,0.2094674201500142
897,362,0.6243571400001882,-2.2223822729230847,-0.030329542973106527,2.890076544842999,0.8732124938876598,-1.607050119488136,-0.023151150318412306,1.8597291756711498,0.6321331481818352
I69,355,0.274411626277538,-1.399343525483232,-0.25055427832967325,0.8312755427918672,0.33100150038426474,-1.3490188182518814,-0.32055633766603364,0.2752002014681662,0.25544395555952587
057,348,1.4357060202045815,-8.892679257685359,-0.00916130843506835,5.952656252480151,1.3951281062662746,-16.754281797718683,-0.018532847509433736,5.5864802638168545,1.2960901452841038
203,348,0.2342784835143372,-0.9043158619198266,-0.042944992624427414,0.8118213670763905,0.2222292793846111,-1.2313723160706047,-0.03750636552055653,0.43023278922455593,0.21978372895107495
J99,346,0.8586802004218632,-2.0894092529296415,0.3136163790422586,2.552963033042843,1.0038116111683328,-2.747269474913494,-0.4980683459815019,2.2987563996699656,1.1880309731841616
Z55,346,0.10861455983472129,-1.0447905176278027,0.01739708386949701,0.5276536165567336,0.12117409057903586,-0.4465126965293553,-0.06968818596027049,0.23613266050213078,0.09927957836987979
I55,345,0.1963845207185218,-0.5054316711516549,0.029370230356562388,0.6644449810221419,0.21230372582916288,-0.5413507138515072,-0.0454666652567326,0.43170184981988763,0.19071746772883943
822,343,0.47045124093357793,-3.505536946231017,0.06471529851523883,8.455777158046216,0.7267472847237263,-3.106172841493801,-0.07435823478871839,2.644838336014741,0.5626269842785189
896,342,1.1484038693004364,-4.24753931993024,-0.7530392318159329,3.087265004264448,1.5195171599794308,-4.015736512722814,0.12365001537233411,3.156596377285366,1.3670793477911514
367,340,0.49316795851644646,-1.636201163601143,-0.11092714932203762,1.7487488063637355,0.6507528850294414,-1.4844930523442024,-0.041540177336329975,1.0925833770127364,0.5410260660456722
958,337,0.3974528145641259,-2.290093757135949,-0.028309245942637062,2.484770556677618,0.46436283495919606,-1.563346910799055,-0.03851824102194534,1.0046913503387596,0.34797919054065224
540,333,0.39473762602123585,-1.9290806081244227,-0.08543394656044256,1.6023398623661929,0.4752482283186009,-1.506846326540483,-0.10757015994755648,1.437653528448379,0.45960139071774275
D04,332,0.16529353007741132,-1.2954338160444578,0.024944076615440736,4.948116562149489,0.20954616687160096,-3.270440349438832,-0.04176414772416592,0.8271697553111497,0.17016555971013086
J14,327,0.21284554845137985,-0.6360410611915768,-0.011792086002060387,0.577772263409882,0.23498335534484338,-0.6570823545293436,-0.05143150586377487,0.5876284618116397,0.21818931179186316
631,327,0.3328246025096368,-1.596695412656004,-0.06228674101294018,1.7193408580190788,0.4474422940996851,-1.882838268598874,-0.19715264267858856,0.9775534134332037,0.35195708789931757
625,327,0.6325580150861153,-1.7085729593196675,0.8601938768833861,2.487721513481346,0.9278853048065349,-1.8845418164088912,-0.7784626863623245,1.3686208981426689,0.5406943039999534
M45,326,0.1763489393851118,-0.5721428021530528,-0.026092955457102107,0.5701790939474094,0.22665910715958942,-0.5196061605105509,-0.05432465775303541,0.4895134986835803,0.18114244632775647
240,322,0.2595810078591163,-1.2809116419210653,-0.04238386742372313,0.6662211600087528,0.2555029724685778,-0.6858309990565381,-0.13076501310986255,0.408753216326659,0.23722924218646024
260,320,0.31278196367010946,-0.965788885432346,0.03643551815457613,1.4713219577831151,0.3824877911661815,-0.8971609165697303,0.00881913892314401,0.9016042061693227,0.3304699444164764
938,320,0.3236995721722612,-1.2003552548733865,0.0009210336429532617,3.9745860386332534,0.27628747193996106,-1.0608279159229284,-0.07706378120042601,1.441467263720596,0.3277000271478186
403,319,1.0412436420138405,-2.267553278154395,0.7743881935311947,4.53565602648823,1.3404286118635609,-3.315696370004435,0.29690199516210214,2.667560595265697,1.1313496022833591
A30,317,0.34875449452906643,-1.2447890506700787,-0.017037436396094563,2.1981017424178617,0.3946180579599948,-1.6792890544864747,-0.01391716650402941,1.1433369783088303,0.3226667886402055
I10,317,0.5789564526946978,-2.7416919759082248,-0.029035524244136468,3.233356427733699,0.6693002626429916,-2.0217892749005273,-0.06090792093402797,2.3636776898199927,0.6971765379157312
K46,316,0.0894238562775985,-0.26077999171292277,0.0024338238688415004,0.37126093251202974,0.10130052354821487,-0.42442612005162417,-0.021731018360782173,0.6677255863785536,0.09067627794852398
C43,314,0.2710972991369908,-1.612738074771869,-0.012204777080171425,1.0567799134412337,0.23044480522953506,-1.1959315133139192,-0.05424168701075871,0.9847535553970134,0.23807111288644547
A32,312,0.20593503897702659,-1.3385470636215757,-0.02104952909576241,0.6192649238585066,0.26455864172034693,-1.01275442198272,-0.24760467766355987,0.5999982802104982,0.20050969740045257
017,312,1.4893444366042952,-3.979823115454204,0.10161286735552721,6.806130213955395,1.5555803843216407,-6.741649867910162,-0.1388069802091607,3.2780078752334756,1.6334933685719513
560,312,0.4769463215806922,-1.7483124828993368,-0.09917589489489842,1.4638530968664962,0.6818643985416952,-1.3037117375904472,-0.0231131425486808,1.34887071667224,0.5350850737649017
L92,308,0.47167449099620956,-7.851644410177413,-0.08104572306706359,2.1486466806786084,0.505768812833702,-4.06760660035733,-0.04058222901965891,1.5775826282868646,0.3897671893553137
V57,307,0.6737314626401387,-6.187612568930945,-0.09459845980472892,20.51929803431892,0.673663261109342,-7.412536409339543,0.02344011483472741,9.022656959020573,0.3576717967186602
877,307,1.1145018787725227,-4.57081465171413,0.07786153254301098,4.828109993495242,1.496694730515751,-3.014414787032642,0.2588235345726275,4.459885853184601,0.909164466666763
B96,305,0.3572959126039024,-1.048363083062327,0.04626029777323737,1.0633998439982362,0.4398405741889731,-0.9850611571794587,-0.14219054188959745,0.6261979385558902,0.362901394020745
261,304,0.2885315280621287,-0.9187751369464081,-0.03682649720531117,1.4577817719043666,0.37604185670384876,-0.8754050969868921,-0.024605415761280724,0.7674776432053765,0.28346784709979644
561,304,0.47819613654671533,-2.1495444825421828,-0.0800446262104515,1.6715047709954003,0.491363516701839,-1.0525003918546894,-0.05449508855051022,1.1728324774187648,0.3111516475507018
V36,300,0.16448318330350886,-32.32336209218195,0.04254208282929994,4.033912908441709,0.15521043216111252,-3.6097954042895353,0.041361762795588675,1.3678263466523042,0.16413461822865208
364,297,0.8407187101141265,-2.701026536989275,-0.15427863806962705,2.0264359835004964,1.0181615715059233,-2.1486906527404415,0.21759279085742378,2.489807072918488,0.8747280759397703
G31,295,0.2981051093110906,-1.1631487598390322,0.03733895246114116,1.1838407278628411,0.4063091183264004,-1.0125365252617335,-0.21295669257455074,0.6608113085641772,0.32512750711354244
881,294,1.0436890917196215,-3.42420239332327,0.23797645142167312,3.656037039019827,1.2595323919824335,-3.4286099476142518,-0.09843946833996142,2.2829081820206296,1.0098026959231579
G00,290,0.10012579478085855,-0.3543100247804887,-0.005770635118551581,0.255666048669809,0.11207989192770469,-0.36675184330235533,-0.09086372504167883,0.19620396336875948,0.09701037466902288
M11,289,0.10415492016897024,-0.3244722187446314,0.03688885183237289,0.3386652611698083,0.13996978211054736,-0.41446682724469497,-0.08222614614474821,0.1736758797142102,0.12124297484491187
735,287,0.32121389705248077,-1.3616499004785962,-0.026492009507705916,1.2502001733406585,0.2923672656389846,-0.9050426105371123,-0.17927439713858462,1.3338545709911003,0.30454662095072804
565,286,0.5794824000422847,-1.6597988486065418,0.122704768205395,4.304167525855007,0.5862268350717739,-2.7666997883773803,-0.011413025860385062,1.8072795934910069,0.4174678174278287
886,281,0.7139819192389093,-1.8536197501077822,0.23092771568258286,2.6994061423906146,0.8358283395916726,-1.7122435586756524,0.12133359648203168,2.319241676414485,0.7104609372709256
670,280,0.5115221171387979,-2.640449973678187,-0.1187963051641816,1.9552786248723915,0.6521161224028406,-1.6764903608266124,-0.15062043658469193,1.785403448488875,0.4974517424240635
K87,278,0.23376820143859656,-2.1403592679065753,-0.009509767539839231,3.27798511710369,0.2705667805743201,-1.881255914880739,-0.10214123342002779,1.1268750520305368,0.20921496525583944
887,278,0.6324165452470975,-1.621378895030858,0.05215622028345024,2.5543208040079435,0.680347882709866,-1.961104543787684,0.039066105873430956,1.8413481753635692,0.6210441409924035
A34,278,0.09330750748289672,-0.34952193886553573,0.006039532163981676,0.2754666081671072,0.10299191260256294,-0.43793366731696537,-0.042742643542936776,0.19296843833398364,0.11554184146603638
834,277,0.5771384147526964,-3.7181563302078753,0.06991122179726972,2.5079404978548308,0.6116701454059505,-3.043510780156282,-0.019958027857569505,2.7965025913337453,0.596370657496075
H47,275,0.1941697171544724,-0.668613719632134,0.009996647759180632,0.8809396038040502,0.21390758797467468,-0.6783277030783985,-0.0854070078020186,0.334608008631711,0.21157414949170203
388,274,115.99815390149787,-191.87910618763937,0.08201177907665169,227.6554625195948,46.00761160826646,-172.28945590863268,0.1890269465082639,202.68605210217328,49.63306930250066
806,271,0.38029973145029217,-1.2838886796394888,0.02302635368778283,1.6963981949665197,0.5944830760978584,-1.0766630610279382,0.10108651114890677,1.1734398563162607,0.548674892604156
Z71,271,0.12871237302628327,-0.5079652074201135,-0.04546273951859803,0.3217863907110541,0.17536334221676156,-0.5898081149640078,-0.12120141751985614,0.2788226385730841,0.14863331061740828
W53,269,0.16653390771265816,-6.008094534951737,-0.07252617199924316,3.7883206279833113,0.1858792868142484,-4.111185342116528,0.01419922951697572,4.110031251179641,0.16032889491232055
804,266,0.3178272379767396,-1.0091251382931432,0.13162464628635462,1.3012041883527559,0.5440677031992356,-0.8580209395325333,0.22335497073626698,1.2657254173506827,0.5176841959732412
L63,263,0.13389315095594723,-1.2546409519705999,-0.06645363770303447,11.676080221511281,0.1593342345841131,-2.451158692558763,-0.03370365398609465,0.435993583680342,0.11850027017056652
573,263,1.0176712971638713,-4.030774740596499,-0.5651641638905858,2.371841750219232,1.1590984147614949,-1.9830988231416313,0.22893527329870267,3.5517568566515925,0.8787236905707814
N94,262,0.13495879671610717,-11.010170926033993,-0.005966228680698293,0.3731342694142725,0.13534409815201995,-0.8612335741761256,-0.14412060995336873,1.539445648878649,0.1318858057888014
719,260,0.4877390621111094,-1.283891271921338,-0.08787325938897084,2.2673729050325173,0.6323190970648715,-1.4101121370431358,-0.03200333137698408,1.4004717122464427,0.5230620078407441
391,258,1.5676261531715763,-7.350360211573559,-0.23135514475711716,4.903209352944482,2.0082452191897606,-3.3157076042742695,0.01578251209082282,3.834738024924631,1.386045759404181
E89,256,0.39011383181584086,-1.3104038626806869,0.08077722350208205,2.622646627818881,0.4954299374988352,-1.0842243653480077,-0.20359866043975217,0.8059650022961495,0.41566177955070627
B50,253,0.43856525729590967,-2.213700075528777,-0.011638019623205764,1.5661926236305115,0.40343787765880507,-1.4510801298387577,-0.02942999244863742,1.9129228371024676,0.43201951110977443
W24,248,0.1678312290061118,-0.4669732634701518,-0.039279357501786905,0.6932025752838904,0.19573321732541274,-0.8935542335694135,-0.10035062979625309,0.6001343494773959,0.16678869834387178
U68,246,0.27703519975540725,-46.45571725470781,-0.03232083759030502,2.262931710932037,0.29876838417384133,-3.780992848498599,-0.002922025057117139,1.7248895000649078,0.20539796319240203
758,244,0.4337046011362911,-2.0253811941959654,-0.058307607881147305,1.3676076047648245,0.631673248634018,-1.9389083148993214,-0.20898477269994942,1.0614317652079024,0.5237396552556319
143,243,0.45041447948618696,-2.2083370817318837,-0.03088969847908629,1.2450482414189412,0.43951231532231644,-1.2088973428095784,-0.04127393900654752,1.127958344923847,0.4511410010008968
542,242,0.9981953345780674,-2.9807320566962403,0.15805026791326782,6.077705844806045,1.2463005172599821,-4.639117795404945,-0.8499790071285318,3.771413866644159,1.5711233608679782
L96,241,0.14115810080469718,-0.501290709166824,0.001463109604671331,0.986678000870711,0.1617358945313031,-0.35853060874568854,0.04108319509867897,0.4934742098342326,0.11745784369944672
J19,238,0.3155891127448916,-1.1908227406074445,-0.1405743954137506,1.396201920172614,0.3237372790226871,-0.8687031813271773,-0.2727470382826169,0.5126562741104116,0.2576990735850389
649,237,0.32991694220354123,-1.7614979485210824,-0.1940508454083556,1.0148048237817864,0.4754548655056703,-0.866557035351363,-0.16280558468082518,0.8165947764229028,0.3615631994226027
B88,237,0.17932127635744458,-1.441640454005437,-0.004406954161595422,353.04557319044073,0.18477737907565936,-77.7845132382761,-0.05817869177775492,7.191837938474339,0.16784770771277038
611,236,0.37898807811047847,-2.382589246304967,-0.052345871483794326,1.275801467276505,0.5157307680667299,-1.1842309675314633,-0.22773665810920107,0.9653018459029994,0.4294710907701206
583,236,0.2380779626750631,-0.8220412272805788,-0.037262525788150924,233.4487718672719,0.18732662112539514,-3.357546868823036,-0.02950371226049242,10.798916235188116,0.19815531110035386
Z70,236,0.17923093046309727,-0.42743818904824593,0.049996314851341594,0.7035222213048087,0.20292895199497366,-0.5420875965935323,-0.08664778985831845,0.31835895630756283,0.17557905469902024
390,236,0.5900498400052833,-4.728707381211805,-0.03797672911503014,1.8382457859132728,0.7986519443950664,-1.7862658168554368,0.05763112288832417,1.8531440350308515,0.6188354344660111
091,236,1.720134806243941,-8.817134944982996,0.12566817759207538,5.291343728244158,1.7948249321854812,-5.7771546716085975,-0.05376482951007233,6.5036218815548885,1.349724582069088
J37,235,0.237066419168477,-3.11197899059259,-0.007744309846202668,0.9285681502075251,0.2948353634646673,-0.8906557723983788,-0.017962014161643225,0.7841592352907337,0.20970396348101922
R14,235,0.1820663194086491,-5.518447496112342,-0.04103613014194707,0.6543397027542145,0.18429882505252407,-0.5300261679293783,-0.08544986303817836,1.1306478336176822,0.13228270162458172
233,233,0.4409871888408677,-2.073760565979228,-0.12627198077552748,1.4369680823849498,0.5639092204116696,-1.7336799114798396,-0.04753415363722979,1.4248689167514041,0.48117960404966054
494,232,0.6377407294531307,-2.63999749451429,-0.09535317536517596,2.3139618331546066,0.8964415854474447,-2.083355083406815,0.18783437180047713,2.2248807061152562,0.6308185063730843
A41,231,0.3194112481536242,-0.7296262553335708,0.05576225811978475,0.9017728818136561,0.3658144074030724,-1.2222024878880688,-0.2084309902912196,0.9240507213771565,0.366956718633108
553,231,1.0297224278613781,-4.266617181497878,-0.061866848079716874,6.890522797002063,1.3199840983176705,-4.955049982316773,-0.2921547892185572,3.0645144434974902,0.9836905727725488
885,229,0.7871500161373013,-3.270336707165029,-0.08959385747857596,2.70839113686577,1.0539159010930919,-2.451825720154801,0.24776293050479126,2.450901089121298,0.8093090808776168
712,227,0.349890572562297,-1.6089769546090336,-0.08276649835892158,0.9984665932296363,0.41980515743405844,-1.370216276234224,-0.18563883261402125,0.8807446719314881,0.3731264907077071
509,226,0.844248456070561,-3.1716651872784496,-0.11608110394831783,2.1982349393823597,0.9965016743451348,-1.7658680238187952,0.08509472389128803,2.6541922243887264,0.791685531685222
H53,226,0.15949244141684504,-0.7544747037300681,-0.2421636833332741,0.30283648154920684,0.22692927879872626,-0.48226638972184155,-0.11530360323730449,0.29313310307343604,0.12002876579536959
750,225,0.37798149628167044,-1.6241633293907398,0.06213083050283785,1.937627326155963,0.42016847231306315,-1.1109467561601871,-0.0685863959802191,1.0129388490425852,0.47465284331048574
448,225,0.20770974798970723,-0.8993658177155339,-0.019025739857170265,1.0253207922042422,0.19460201748525377,-0.9260053566499948,-0.03379353516379524,1.8614646980310585,0.19020088617635725
662,225,0.4464990358906605,-7.651408872484353,0.03259011502905196,4.165419122227841,0.3833225535428414,-1.1177576145939836,0.04027741729260015,7.1387952259432925,0.39697392746107807
A71,225,0.1861512330337604,-0.920597958174767,-0.020964055170225038,0.9752518201139537,0.17851266798164486,-1.0107525233128456,-0.0956971132641371,0.6997574970668555,0.1912709546068145
J95,223,0.1457657827288799,-1.378006772501834,0.01232422545456302,0.6766194975616808,0.17260893478115633,-0.6753107841801764,-0.031340810142710396,0.6175153396011963,0.16104698441423745
107,221,0.5722725958940235,-2.816672714107682,-0.040282945831227046,2.4289248527015417,0.6143166348091258,-2.8755633362912647,-0.17261992233059686,2.0277540969369845,0.47062289526343487
C73,221,0.14067769027454846,-0.512341447961262,0.00807823145976272,0.7262820695700611,0.15815698423129787,-0.39787884678155194,-0.03610236913260678,0.4041634501440683,0.14268365095913993
918,221,0.36380967613302384,-1.087779507020059,-0.05931697194228036,1.2856938787081162,0.6060652937714098,-0.9010325299186661,-0.03505893802469018,1.310011393788102,0.3782032834417958
E14,220,0.27233635941772866,-0.9589173344880919,0.0768042278160408,1.1239844838836177,0.428044472149037,-0.647288994497135,-0.09810399734497821,0.8064531106725074,0.26605095588405653
727,220,0.3258626820065437,-0.8841154356402825,-0.04603033997483408,0.8101126244135062,0.376246163769724,-0.8693181929850979,-0.03556170250114121,0.8528856695878951,0.3307878289292128
761,219,0.5114711956091883,-1.9211433760048635,0.09431503480925585,2.3577490225534317,0.6831969701696965,-1.4904553675411236,-0.17434388729498096,1.9004081743600418,0.5442297965438022
072,215,0.4982361003062922,-2.1506723758204767,0.15845783422476778,2.0230450787147456,0.7035162936977883,-1.5656540764866733,-0.03709366898760891,1.653923387759095,0.5280220275469555
X89,215,0.19361439320283128,-578.7968178340373,-0.034437839524059655,0.8010470865826851,0.25556614563552754,-79.25126007209315,-0.037367486557826624,49.08965236229557,0.21389207187582926
X19,214,0.17594920595610677,-1.0686552009005368,-0.20296375805628486,0.2641492651747511,0.27375971100489666,-0.5011840460289818,-0.057642876809360644,0.5156479738906388,0.17382891933680814
121,214,0.4747366667261048,-2.116208868756644,0.1165595950702425,5.386252173465406,0.7379316462964491,-1.618025658639901,-0.01139740384310528,1.602805493565631,0.5832708507873078
510,213,0.18804740915051452,-2.507574685121767,0.01169890544119312,1.853981185814741,0.17498883241977736,-2.2822416001793044,-0.11901240149541081,0.507576547378363,0.2048523564442962
648,213,0.34177384913188724,-1.2271327016344458,0.009938536214804117,0.8485500524008632,0.3123709133451325,-0.43773087411713263,0.12978323133303604,1.36280405991286,0.3463025128052708
620,211,0.49656993402714006,-2.4319685717479445,0.005209704795561265,1.2913204748315366,0.41585865574417763,-1.6221834782656153,-0.09975008059228685,1.9232005938441432,0.39100460907863976
376,210,0.8757428879068108,-2.7222007241557833,0.1248682911693777,3.2250415841181774,0.8721397311425766,-2.2012405876527907,0.10658406230561468,2.8676156952116933,0.8702322061132739
369,209,0.3123040626979338,-1.4153429535184614,-0.002744686679534425,1.07504177535702,0.37443480835467763,-1.0460352372128057,-0.052565833183848554,1.0851812615791787,0.4391302788847824
238,208,0.3082826844386587,-1.1737054849241702,-0.14446509385876993,1.0682582840146564,0.3554698801642521,-0.7439032074194074,0.028109161117129133,0.6854203146687609,0.27753758574360887
W16,207,0.11679970253398445,-118.50244767212159,0.016684293882462953,0.4198195738068474,0.12854723315557293,-0.3866842356730515,-0.037968348201466995,22.9988280016469,0.11724137822461446
B00,206,0.43626969652773373,-1.1851759650866711,-0.04938604543553993,2.334529570592281,0.5700851260954164,-1.259234446215446,-0.29343875870448954,0.5934822702232445,0.3444659543519387
247,205,0.4344157065694721,-2.0235278699566095,-0.009402905180877497,2.2301516989088555,0.37177852874825246,-1.396358667737303,-0.17314267175194686,2.3719939856019394,0.3508691519709608
N87,204,0.17084716257003146,-2.335073236721996,-0.06523645526499422,0.29056761280521903,0.19621981038328512,-0.5445441959994302,-0.06200822810420448,1.4383672570994326,0.16591597132570904
462,204,0.4078741036115139,-1.1481738587298196,-0.14629991490267003,2.3030737313993654,0.4343772555844805,-1.1253249642819796,-0.061006890472192765,1.2195778669639508,0.4002426038619991
M49,204,0.14906264777681943,-6.4452352306943785,-0.016660887811781322,12.427810278990421,0.16045206279806448,-5.299775396505426,-0.033313692184044896,2.952627951845698,0.15134010264703926
619,204,0.22661329449294934,-0.8998066551211537,-0.0004649381423860177,1.7567794160149168,0.19290216632300938,-0.7160502248964562,0.01152510958668529,0.9263712544708368,0.18195470513371031
Z93,203,1.3139835264349402,-139.5265669327648,0.04148903960867756,307.5761420346732,0.8598597134641522,-57.621192182994264,-0.07802651367896374,77.49849015738278,0.33649457900651086
875,203,1.1947037775407325,-4.329190919160624,-0.05588804227727451,5.966879387732127,1.5028692126379104,-3.496365137449757,-0.04353048485512545,3.7691192582512643,1.2037512134833528
097,200,0.48845225827057204,-3.6795353218333426,-0.19586821953794242,0.902542212707687,0.603519907155148,-1.4656297182918365,-0.2671647953107481,0.7504339392515303,0.33958038996407464
B74,198,0.4241726004380846,-7.667339344797168,0.0700255279170392,13.118575021697856,0.3258205947159976,-2.4482422817468743,-0.03247707535383171,6.230763132742463,0.20792692993290146
198,197,0.23500963423846602,-1.1078495141418898,-0.06335287525303102,0.5936828235496703,0.2899013599851321,-1.035040941173937,-0.2264236638438888,0.18327639315188543,0.22202323380121078
947,197,0.36382224924115775,-2.045336552078254,-0.13672771560067076,1.0805057575529975,0.5159184477520822,-1.5682486777259719,-0.12128817504741818,1.0657795494050504,0.5797811844177398
H72,196,0.41965021827373383,-1.3833505660976186,0.03789401499147971,5.031816419307944,0.4469759382135015,-1.7677826373613037,-0.13968305730003294,1.141335417904532,0.35433744015427465
720,195,0.31472561343097444,-1.3226627058116947,0.07292947736914357,1.2351616953091595,0.43442742470576146,-1.0055272881908195,-0.14859143321217516,0.5349256906631441,0.3689422991551703
K42,194,0.28468050167246517,-1.0771260699115714,-0.007525310320488643,1.1849104359993134,0.41977318710484435,-0.5398731183442784,0.0316096600990079,0.899965290709077,0.22963263071490905
031,194,2.4824572258909194,-21.622904590015533,0.3306886380343599,39.08339081182412,2.5524902435727537,-60.33459754199466,0.8290911310965043,11.468447619518875,4.324676907628786
567,194,1.1259278212995745,-2.645547549966949,0.6026248259189515,3.899503777554755,1.3581204089391354,-2.6017089892698664,0.12019367432276606,2.55243926479471,0.9565643617734073
B24,192,0.43707050163153577,-2.0847699110269957,0.1486238564410769,3.1688064459208904,0.5522978302874741,-1.2142052839621087,-0.04702206338862425,0.8217961382310434,0.33323149313274253
859,191,0.48259932787833065,-1.4226693418208924,-0.024637863998577814,1.8177132580177613,0.524498767103571,-0.9101382692747961,0.01587017391102563,0.975553980474686,0.3652884803358256
E17,190,0.3477551384833573,-1.0135905705155324,0.043556775619890686,1.2135027896827213,0.3969932011808987,-0.8990575125336298,-0.1266716964664738,1.049427378243913,0.32154017695796666
C10,189,0.2637859798823788,-1.0134736454538995,0.012410283591179905,1.3972425242286493,0.29506142870063057,-1.2180943072993955,-0.15366552492537267,0.702121527308816,0.2835130139875201
H67,187,0.37057279028832835,-0.9576908744946877,-0.046602885288393736,1.3581167558179175,0.39258139841023193,-0.8140329338381136,0.015657550328285197,2.168178953046752,0.4731458932288697
L76,187,0.13141748033475595,-0.7082930193590184,-0.01823863625247668,8.045162523976053,0.13146080400739776,-4.816875960946234,-0.07909848394831442,0.20394520445627481,0.11804288199328994
K35,187,0.16420934331324125,-1.230187011320254,-0.011421601277561422,1.0899371753578118,0.17137231454905757,-0.4075816467202964,-0.06051116980927418,0.4907658174799233,0.13975280329105202
838,186,0.3460198739737529,-1.0753377802160458,-0.059471863517046586,1.0131339146056462,0.45197370607967285,-1.0165131272377614,-0.151738084964137,0.8151729576971078,0.4329443515163234
I15,185,0.10884048819036184,-0.2566938475411007,0.028663072951928825,0.42668750597925986,0.1542738000669246,-0.3442863910542471,-0.041846810113099764,0.416697348495916,0.12676139716875995
563,184,0.6830099066778094,-5.918372970789533,-0.16344244805566177,1.636647896498855,0.8437906629155333,-2.6546505407293264,-0.09106531937890239,1.3972157109642491,0.7072115874804884
E23,183,0.1526058043374182,-0.754305722282993,-0.01764603623541916,0.6817668270878126,0.13421175449831024,-1.0482937885216614,-0.12155945402270163,0.8969779536915811,0.16891626340993893
627,179,0.3674645636804837,-1.670883490938877,-0.05541626994727267,1.2179850611116152,0.45161537965825116,-1.300847331595092,-0.16478412651679264,0.911787448516925,0.4701814031999474
J87,177,0.3723140149469377,-1.3580066328927387,-0.04818212409531952,1.1847512471081227,0.32445272449098067,-0.9589414754780989,-0.08535778803775429,0.7177565127706482,0.3300929228673391
696,176,0.4650197656300077,-1.5710576367652607,-0.07450811290823367,1.2109202025293087,0.5276667474907287,-1.3103478118742906,-0.03522203905976795,1.0809872767990698,0.38522790773268967
597,176,2.0695484776365007,-3.7428823728037575,1.1457003637644902,5.665446011629172,2.741446771437064,-5.446734388733532,-1.640085792932311,0.881414313497686,1.7726642406060023
585,174,0.21308993885649227,-1.3802739820425813,-0.04230888069969296,0.9114103731408776,0.21727589150696358,-0.8087388802802076,-0.08145163187882609,1.672907977037796,0.22072860400743965
G33,173,0.1806152594068181,-2.5744503863199952,-0.029910144377254255,0.7838386091543722,0.17916568958980178,-3.9929708411294076,-0.041966425624195836,0.7948781728719467,0.1745839259971683
232,173,0.7862498400166973,-8.043682439652002,0.03852553987826468,14.88816764022711,0.41494362022496034,-4.246691869270194,-0.08443068506416296,4.739167213328714,0.3267084888021529
Z03,172,0.13013634788778938,-0.6735438661838411,-0.06688339518063913,0.6506510476077659,0.13901998835761673,-28.17892310911312,-0.051382504695851594,0.25837326779564396,0.13593936278390834
170,169,0.3529207077362643,-1.4684270689105006,-0.07497476979096973,0.9095680717177854,0.39444614523511745,-1.3178504680232805,-0.05221467919795941,0.7046849039141952,0.2781938190831682
817,169,0.4269417731264677,-1.0274008995111217,-0.005596634234450448,1.3302216107376807,0.4836305578128255,-1.286569402559934,-0.10095816493844723,0.9963367414825066,0.5383243327685432
L04,169,0.11441620969509826,-0.5194658750562553,0.03690378649707782,0.42996672985282175,0.13948227546760564,-0.4002709892905898,-0.02814971650977327,0.3598971748306211,0.1152528810524241
B17,166,0.16731139733665454,-0.25318180940878676,0.03709353134890847,0.9005873881328341,0.17519508294094235,-0.5628484516973842,-0.03567543982110344,0.4957582818041928,0.17048211199169927
718,166,0.33675900983699464,-3.7143626113468997,0.037399435586848995,1.6432607229376117,0.378605667438953,-1.8711645516461761,0.0763717137402864,2.717100781380255,0.25046526660236335
W15,166,0.1676409273071806,-0.9923148409869853,-0.016138919448849265,1.816050762647592,0.16581163018606956,-0.8310818593163738,-0.07287035923875251,0.3956046341225594,0.15795715315297001
294,165,0.5640660210680272,-2.3506064106422286,0.046606792236758565,1.813941499748211,0.7357753709575124,-1.757003881302559,-0.0680769113785118,1.6993950878390247,0.5261796028324761
220,165,2.474819636347946,-9.767915487329901,-1.0328820939662364,4.233711738753533,3.3388637710851023,-3.84844613944054,2.103842637852882,8.142750454413035,3.2589057210460326
850,164,0.2868411883687652,-1.576515307197326,-0.018962771858355154,1.5101831455766042,0.3245253391778675,-0.8168017795317972,-0.04208335098958571,1.4538166676534072,0.27810511466392324
844,164,0.44244648364435496,-1.74662281080046,-0.0322264989733867,1.458625368338511,0.5645938332395377,-1.0116316089906974,-0.07462390283308196,1.2381378451848233,0.30126020830349803
408,162,0.6635976012740792,-2.2431352786772862,-0.041579613723286,1.5736990391715007,0.8874054381070231,-1.7733217151000247,-0.08351396382764165,1.6906253240986224,0.7213002717719746
021,159,10.229351459194026,-38.480540054833625,-1.5551878708095046,30.845225514210064,14.193169555847504,-20.30566387785086,2.0275633799110127,33.97903133788654,11.504267319007765
075,159,3.023898414160112,-20.820636538827912,0.05570313229554813,64.22050862695322,3.5067789384260615,-43.72769204968257,0.376258154923903,38.28452217361901,3.2299015839699785
F85,158,0.16149807919963022,-0.896781988314217,-0.05182692096923347,0.34093393704097225,0.1922205760178508,-0.4499476871914254,-0.03028669845797083,0.31996556447302676,0.17248637314257237
U76,155,0.9529027593123315,-14.604144961113263,-0.002627600383675599,6.104451233669017,0.752923943471394,-7.414456937425626,-0.04860528237173867,3.3030532973354885,0.5405456452879517
J57,155,0.5654087962474976,-70.33211468823652,-0.027388924536353443,19.823614933969942,0.36778232829227586,-4.162827834353315,-0.07075203287882914,10.01861161833865,0.25089595434367346
153,154,0.34739117662886265,-0.8753051788153954,-0.05904114037669217,0.9926033029398658,0.3776569845292011,-1.2008486712243638,-0.1967810155367289,0.6627183445052993,0.3500866016828497
016,153,0.3715241010424304,-1.2536379036714607,0.13554663255490595,1.3953845093692503,0.5839733528934311,-1.9559414386033322,0.13667595645330266,0.8518692127706194,0.36269215549502487
128,152,2.2458999071776606,-25.062666923333836,0.06055002929770126,9.10429279183829,2.2950997102040023,-10.602099617023342,-0.24327342685275255,8.285280100324682,2.7281249872827855
443,151,0.5853108727433017,-2.4728464310214804,-0.28460279140745115,1.5498881911639728,0.9572535111538081,-1.208553891778763,0.09214344420911402,1.6584463679878425,0.5736671372553559
D96,149,0.3223456909317088,-1.432084051733682,-0.01335082807827348,0.9600614004705207,0.3924209947201984,-0.7338216462898117,-0.0311224950259259,0.6028501462536214,0.2489385254991079
636,148,0.43509823545268567,-1.5683836010810603,-0.22997646186126985,1.12321013341571,0.4920403195643923,-1.5630788037907803,-0.25548819743335116,0.9639783625880577,0.40562537385896474
485,145,1.0523520235658752,-5.730897692315011,0.034392506199765194,5.517021430666796,1.6086315071176114,-2.51237843670868,0.05891836605798062,2.947580864402542,1.008329955702831
H51,145,0.18384614426273801,-0.9959399626819732,0.003936318786436355,0.48108809208997644,0.19323846560343383,-0.7540374060078747,-0.03381829056792185,0.4061963217655064,0.1732327375194194
293,143,1.7771483794336982,-5.760513990674667,0.022649217336834226,5.169604926106213,2.3359802011218784,-4.620137763330494,0.34314176302476795,5.275962293701458,1.9787032814211651
642,142,0.346681696676093,-1.4848148602844977,-0.059760140004527784,1.8132829464537534,0.4168225519088862,-1.9019948698929312,-0.28473148181298313,1.1468189713061243,0.3579662765574313
825,139,0.37128522665355584,-0.8771672235245376,-0.007165100691963744,1.7520638283548768,0.461692674878291,-1.0851172189223224,0.03585720870944442,1.4075404011297439,0.40158870731761026
637,138,0.13862865064227198,-0.6441824211182734,-0.011876867284854598,1.250239174636928,0.19693286652119013,-0.4850606532159496,-0.04393721131563666,1.323152322898087,0.19066395951239104
L05,138,0.368199134305673,-1.202561011730232,0.04631112944650795,1.4134214938442105,0.4013885630800047,-1.231031625853447,-0.3301738118047126,0.5594376102110126,0.3225789847897252
A79,138,0.5468202251152534,-1.7428471863064485,0.02308741470642417,2.772338728306138,0.566164260630897,-1.5012297355236859,-0.328458412206345,1.4576403552188808,0.4681454326906655
K17,138,0.2893451474243303,-3.1226309024066268,0.056630294795922964,1.4050002271784476,0.3054240818411597,-0.6413297814725927,0.017479515684470925,1.3753755673623012,0.17264926923155358
013,137,0.4184915338154639,-2.0009967490886993,0.14235695637978552,3.9416716585810714,0.6364852335782967,-1.3521311711090789,0.19883660023438665,1.5685502913945724,0.5436733226567828
Z52,137,0.1553088355693956,-0.8206916675180764,-0.00813230212770577,14.354215136838722,0.12300550347131775,-5.5443823264161525,-0.06992500874645202,1.4769527650493237,0.16203007584006585
556,136,0.7956519691371272,-3.75402803595577,0.02768591625397221,2.133596804118909,1.0809249061978585,-3.990064704836449,-0.2782509015389678,1.91994464889369,1.0717535685856678
879,136,0.702083645330143,-2.5736886331429787,0.13159085520442204,2.817665828687055,1.1216911220243337,-1.8549799821739654,0.20751541277231889,1.9212763079039519,0.8748858218948695
B66,136,0.4590607546363044,-1.8139220260350086,-0.06494259760359,73.518952816395,0.5221633631977018,-2.8667058654243016,-0.26751404939560075,12.422261672836044,0.4478246854439564
C27,135,0.17832299092873893,-2.6917523589327175,0.05163025534784538,0.9232854624534084,0.25229463972130817,-0.5615077473384122,-0.05668956198547903,0.3646541157457154,0.1867914189117809
V83,135,0.14891881094306333,-60.81893817244968,0.009215512477922516,0.566064416766352,0.182547653422749,-0.7687474607341827,-0.04319010007236557,16.91825979305776,0.11956246653953315
U82,134,0.15560573005638964,-0.880319088560384,0.051076970403585165,0.9410240142852826,0.30071597862721433,-0.6134647629502044,-0.048010934185072074,11.389242247128914,0.15818873539790423
Z02,134,0.15954072752972023,-0.6768337118160161,0.02644689541284606,0.7936580964116045,0.18282173023771975,-0.3754509741992429,-0.05979496142707319,0.44195363933862764,0.15713695349335388
O40,133,0.36634851538865304,-1.24819647042699,-0.09893351300434006,8.763254192015111,0.37037177532859,-2.1286977933640827,-0.08010727527079098,0.8286240912791238,0.38715146354470004
F84,133,0.23450577908307826,-0.899209546196289,-0.006437670697323483,0.5614145434649127,0.18134695107601828,-0.9415782585031707,-0.11334335444601606,0.45126064790693454,0.2540923354851485
G16,133,0.37811702413803205,-0.8230771851140162,0.24507562832241092,1.2078994235589837,0.5148872838415355,-1.0688508745384695,-0.2331170318509379,0.5310018536302491,0.3518631440648645
W93,132,0.07186766364394447,-0.24432993107382114,-0.04291090669994446,11.183412393945664,0.0841052560468995,-4.433400310997203,-0.0440685232101945,0.05820791751446563,0.06071884080076626
W88,132,0.22431239938289824,-13.311536062919487,-0.04303491123778258,4.477503636072189,0.27203794965331324,-2.186875779418378,-0.07653738075319438,3.1460785916461225,0.19091949248885576
I40,131,0.13655658289504735,-1.0968155595662665,0.007094597779655487,0.6143014484486287,0.13802446614453798,-0.6285775858888343,0.006882845103461932,0.6353618369841385,0.14689389560129085
E94,131,0.4704081165924661,-3.258910846705021,-0.15037421292163344,1.3988327801683909,0.4736929889531083,-1.3468800171955397,-0.1514418871011003,1.2444260893367698,0.3541636483507736
952,131,0.5297459335532052,-2.9424592579061937,-0.0793896299228436,2.177785502038887,0.596783659024386,-2.857046578797351,-0.30753458007461987,0.8892428938496622,0.5442409098239644
482,131,0.6597530173900297,-2.422227277889988,-0.1536780635035484,3.152860654940781,0.7368973323145473,-1.9642376998838529,0.013841333269937195,1.6873906092731872,0.6268999103438904
192,130,0.3811864530160923,-2.0631625277562193,-0.04789836849230511,1.166364367998936,0.5185897104489796,-1.269834426427634,0.23910523912378245,1.0567743151021203,0.5241058138792777
T12,130,0.09926402362387568,-2.1345728921939155,-0.008571001393420374,0.784423295969816,0.14492391463032844,-0.4329110762764543,-0.02092584365986916,0.21057762274157446,0.05416604760127366
G34,129,0.33357518748647785,-2.5510775453517454,-0.1352492949763473,1.5477810363472595,0.30960747436941116,-1.9720820040993203,-0.09765891365987045,2.0383885006282276,0.23865181760768264
571,128,1.6707098729332401,-30.72173858623991,-0.6243177797841781,2.63383051741954,1.8275084656410228,-12.678309873829537,0.06874145870927606,4.395344045942911,1.6646216485992238
857,127,1.063780354255672,-0.4636175843077694,1.3091269166693564,39.89195220631046,1.215127710048422,-7.210365548316168,1.0835320395223391,2.4918639712348063,1.00238210785065
B67,127,0.4358329736067185,-2.4467636734254934,-0.0112921996105797,1.7054313117273519,0.4864090989160468,-1.089879272235681,-0.1584482631947992,2.6934617932289098,0.31560426581921186
I83,127,0.4208298480523261,-3.753614253548392,0.23948414134338236,7.9086534668335915,0.38956779661583024,-1.94461330298914,-0.0009866597395102872,2.9875461115847677,0.48228273604856
463,126,0.5488647647516659,-2.682148327757261,0.01823736850496971,2.016127663934242,0.5189079799328817,-1.6331155194786895,0.051633166224185345,1.937223120061926,0.500683826117164
916,126,0.24765991862127926,-0.6254808766190223,0.2504617181621427,1.1505740878943627,0.46129768927144,-0.8026696202397154,-0.09219382283998101,0.9794707007741765,0.384787876721255
434,126,0.3407330400595576,-1.4232470087208071,-0.023163420378580213,1.4166997490519861,0.38479557125708397,-1.670956830752779,-0.1618254595381785,0.9449878424736102,0.3694696888791386
L79,123,0.3245298953982293,-1.1258380940194002,-0.010121792274730979,1.4945593326515918,0.38648671700857445,-0.8218510647089694,-0.06618166345191412,1.1474099186851565,0.23952347328548626
122,123,0.29967991561190593,-0.9411918048846246,-0.0144536662446626,0.9911870091203668,0.2523236362794023,-0.8576491605618841,-0.06181377333831506,0.5756818843000745,0.23291755271674786
K85,122,0.0898117546822104,-4.5279876854067425,-0.0010086724319791074,1.6785859889210222,0.11835837088021661,-0.3191542082075749,0.04058412541669831,11.61319567586451,0.12462165810925
D21,121,0.43211025634560085,-1.0723524024342623,-0.0384631707220251,1.3419220857713299,0.49183814860175284,-1.378972729252581,-0.17891934080864758,1.0041847805574378,0.4949227192475786
L34,121,0.5848358759449516,-26.66105559560492,0.017966445534511877,17.998239848509456,0.6559407976721013,-7.210654580605791,-0.07911040644330569,24.439638790630624,0.46187326665421646
051,121,0.5331483773676206,-5.697491979492497,-0.06149431719677523,1.312362705675696,0.586463887334603,-1.1576158933962688,0.23467220742645623,3.330853452689553,0.49396121009514043
L32,120,0.09417978920879866,-0.2383509456080546,0.05142730616398694,15.936389667250944,0.11472536449562994,-0.2942875121475974,-0.034169925770077825,2.2518666655399464,0.1023980614035313
Q73,120,0.1457464257627947,-1.1190094230684622,-0.11793541897304749,0.3962826477999211,0.2608059150084637,-0.6621590546628608,-0.10367724008588652,0.32699788077228154,0.1882244345245611
824,119,0.3886636526986915,-2.504755901036577,0.01230359102919465,1.0030097393666892,0.43274525207212033,-1.5554876997498188,0.041498356853253426,1.7656014052284292,0.4318485981871337
124,117,0.4933040890080664,-2.084369768235774,0.06010017013977631,1.7836461027104615,0.7328701687019292,-1.4654794425518247,-0.08663257361405385,1.2573864326575521,0.48372360481049453
C74,117,0.17373551304269902,-0.4401438703757776,-0.018212975192000158,0.515198016203051,0.16798925231207704,-0.7306349642900933,-0.07044405778060536,0.29739117822128125,0.2431027260803414
J17,116,0.16744157794020864,-0.5254920004546193,-0.00658497683900805,0.4047709706611613,0.20473572038034546,-0.4106091239483689,0.06375861779659431,0.5858079810423078,0.20592301653767917
G35,115,0.10075021935139038,-0.4418454507435854,0.0467523425413674,0.9551345294863705,0.1256598063155036,-0.4044716802445514,-0.019146269568182106,0.876705253201413,0.18154421165045959
K20,115,0.12491409425628372,-0.6129154571243589,-0.05390422505797687,0.2602503669157832,0.15133619259557235,-0.45429553050752247,-0.06315930377738255,0.20247859461917966,0.13028775745049487
415,114,1.3812786305731983,-2.9298380018735766,0.06927239264769014,3.7229803594581754,0.8154413604684839,-3.6077789011880768,-0.00878187726858215,6.536210899638563,0.7390733122268554
B22,114,0.23898561437614826,-1.6640251827544716,0.20363347609730909,127.25768033534393,0.3590897925279492,-5.407156576053572,0.143840340905399,33.11188788682812,0.271418037760268
B72,113,0.17460205024969022,-1.0503124885121904,0.005342121471585415,1.2128627838558264,0.20316232098134263,-0.34381761478876166,-0.04587063860270746,0.6318037722632851,0.14687439191964355
898,111,1.4798328016993008,-3.034240892793605,0.6777286389308301,4.055147969155115,1.6068617575151585,-4.080214062963705,0.015045500947508117,2.8345364292819752,1.2612757048834529
939,110,0.47619632541473694,-4.315091870913648,0.08317092055705189,2.4851322570381527,0.5350761772990194,-4.4025249689923385,-0.1752954250427763,1.483026412685278,0.3263723199942243
889,110,0.677212813819688,-2.690533135833917,0.44184289005784194,3.1620629898770836,1.1544944212783161,-2.0867770100573324,-0.11655730041617574,2.192610921435011,1.0827278351063734
U62,109,0.25701114073536285,-0.34762069395810613,0.18185285055096756,20.49895983069858,0.3231677312667625,-2.9156028262858404,-0.22595750856950758,0.48078045071616043,0.26334016415720446
O53,109,0.31227512188875656,-0.2551701760353353,0.07437351342787224,1.039820116275223,0.20460426815650407,-0.6708374755059765,-0.13835376785351627,0.4141435106942026,0.26944753088461365
355,109,0.2627857285891402,-1.0857859978364104,-0.10792642568446809,0.7881776135127436,0.2974805395137532,-0.7374508946700331,-0.04072333702214159,0.6072779632440016,0.21021027511400492
447,109,0.3477008871625955,-6.060759878331509,-0.21876788854058304,0.6599300786194817,0.4324637906570393,-0.9896399746115492,-0.1901292387913145,1.1174324890905039,0.3000352724684464
519,109,0.44450133414225823,-1.796317345499574,0.0775230269482563,1.3592955180820352,0.6338246382331317,-1.1903492189417264,0.11812776212565268,1.28852956049478,0.5080931451796104
358,108,0.5582071784068066,-1.4040336540420384,-0.016191177320479255,1.927124013308017,0.9764937073969969,-2.337492771195011,0.07477886461728644,1.9634412551163163,0.9611634821431594
J47,108,0.3253032109981188,-18.417637955944524,-0.0738763132716258,0.7267571393036938,0.31472388025293824,-1.2033338892629852,-0.13957395812234097,0.5075141293662296,0.29690173259533637
I45,108,0.1873660425002765,-0.9993198538393243,0.06460810988926369,0.8836787075593835,0.19504956553529892,-1.249609655704269,0.005070491632963581,0.9692010703273822,0.15967773314365086
734,107,0.5951373369030549,-4.142191350833853,-0.09698014886510009,1.5045629081632224,0.7961621207296963,-0.769492228507076,0.1510522818880089,1.6072255180791462,0.40015832647279515
479,107,1.3280026429896774,-6.307913097857636,-0.5802840346859739,2.84215844182853,1.8292679414195616,-5.181811473214972,-0.23968711591493275,3.0292062916773395,1.6615453191550613
C32,107,0.13946143256601096,-0.760267331197042,0.06348749203475279,0.43666470504362564,0.19012326284908956,-0.8476094371160058,-0.2653283260301009,0.029204826495714143,0.15874318807875312
M26,106,0.2365966422548267,-14.229663767289225,0.036672008099003506,2.3574461489616283,0.22523391843343857,-2.3682124366467994,-0.04200000940794979,2.8009982588347526,0.20978928715837342
G17,105,0.09556393121127833,-0.9414258083188543,-0.05428231253290505,0.27579882351801605,0.1317846731996701,-0.3446072643933462,-0.011409382686622394,0.2094694580478058,0.12251622760645119
G01,105,0.33684948369499507,-45.84364241714525,0.030049788603037086,5.940192806060617,0.28354643891929865,-3.557747496984831,-0.17414151377463938,2.8365405493886215,0.3499094698097065
292,104,0.806656354177992,-2.7946242594251913,0.06748878637381495,1.9726396334877447,1.0587472671929616,-2.7782674204230595,0.15565914748840726,1.8113381243124425,0.8371735253047713
B01,104,0.09693901290419203,-0.5698403354803716,-0.004220705218926923,1.3349719665603317,0.13097632625843517,-0.29163644657015375,-0.01611829663978881,1.1261651440907845,0.13416808636287314
190,104,1.2436208821196146,-4.602459128968697,-0.05821884808483446,3.602566426996602,1.3777484712225028,-2.1642759027861658,9.293235940788236e-05,3.8718545690152153,0.9364301728022348
725,103,0.4781052469427382,-1.631528954956849,0.01693664216873003,1.766243696369543,0.519646171952383,-1.305699845339916,-0.06275878703121407,0.7068544629702879,0.5136030125049166
L78,102,0.33968617053008454,-1.734274020130755,-0.055831237182246696,0.8655341286384295,0.3850109927752169,-0.5049537723137121,-0.049759255899672894,0.7422462494629649,0.22888598341624197
H89,101,0.2802164950068642,-1.7051017241982436,-0.03866184413254814,8.56268679589789,0.25027316269839955,-1.0432409326266878,0.0021360476651466342,4.954060877293287,0.21721123449787283
K14,101,0.19565162093508837,-1.3862570305491317,0.026589164610868465,0.8040361155877918,0.22380750763710125,-0.7657015886014307,-0.05553351715761323,0.6471255519974406,0.14341722668094703
Q56,101,0.20113925635158278,-0.4743546520444397,0.04069718724065141,0.7155846893851958,0.22294437285737007,-0.4510206542564621,0.038648994654266744,0.6994953758812983,0.24014614507599147
700,100,0.4941053082519015,-1.1750492713349558,0.08277611017746267,2.06136187748157,0.5077310676163301,-1.1004623129554503,-0.05361468069668973,1.0371670513557267,0.48704489971490833
