# Barycentric states of the bodies IntegratedEphemeris integrates, on equatorial
# (ICRF) axes: epoch as JD TDB, position in AU and velocity in AU/day. Every row has
# the same epoch, from which the integration starts.
# Sun, planets (system barycenters except the Earth and Moon), Moon and Pluto
# barycenter are from JPL DE440 (de440s.bsp). The asteroids (Ceres, Pallas, Vesta,
# Hygiea, Interamnia) are from JPL Horizons SPK files covering 1900-2100.
# naif_id jd_tdb x y z vx vy vz
10 2451545.0 -0.0071371791616079054 -0.0026473383808393097 -0.0009229087529177039 5.378460339618784e-06 -6.75818529196856e-06 -3.032860013356532e-06
1 2451545.0 -0.1372307845370601 -0.40324106002316473 -0.20141221076964366 0.021371774128355784 -0.0049330578781673975 -0.004850465937786223
2 2451545.0 -0.7254394755069968 -0.048921585082952655 0.023717729702510907 0.0008034959761149408 -0.01849859566635438 -0.00837276819803348
399 2451545.0 -0.18427227843428148 0.8847811839446423 0.38381999033527237 -0.017202246608380413 -0.0029049259028564147 -0.001259427912193897
301 2451545.0 -0.18622156008694765 0.882998292034843 0.3833112766300317 -0.016830576131797056 -0.003289623730681292 -0.0014334580690981852
4 2451545.0 1.383578742584679 -0.0012461207540247425 -0.03788307594892912 0.0006768779813732037 0.013807279330322398 0.006314867573297492
5 2451545.0 3.994039981964449 2.733931385640763 1.0745893720713242 -0.0045629350664131 0.005874703944687598 0.002629270155912163
6 2451545.0 6.399271680371202 6.172010454270399 2.27384787495251 -0.004286973413503631 0.003521586380679584 0.001638898659172438
7 2451545.0 14.424719435220178 -12.508913597388247 -5.682612968041947 0.0026834840517597695 0.0024552461173778387 0.0010373765881019374
8 2451545.0 16.804909788891273 -22.98274784412995 -9.82535056236572 0.0025846527193873563 0.0016616670970244695 0.000615782343216204
9 2451545.0 -9.882489409085188 -27.981515457544347 -5.754614330515408 0.003034129306353885 -0.0011343514642282815 -0.0012681622246898813
20000001 2451545.0 -2.386464885077254 0.5430237934823001 0.7403025719536513 -0.0035788498128426125 -0.009851975493037788 -0.003907576686046877
20000002 2451545.0 -0.8482756234650011 1.9417976296943165 -0.32837749047223624 -0.011732156534122618 -0.005307094409172197 0.0018597912041451684
20000004 2451545.0 -1.3607176167687944 -1.623203240692023 -0.4692898929626666 0.009630182790452113 -0.006422455830150339 -0.0038153393713732803
20000010 2451545.0 -2.381199665048722 -1.2745758695200107 -0.7465644172713526 0.006115104045973493 -0.008319739959313087 -0.0033272842928891364
20000704 2451545.0 -1.3638908218906751 -2.4928813117132713 -1.7205012689972732 0.008216522177246055 -0.0036845758118769904 0.0009576893142398077
